,age,male,totcals,post,lunch,numpeople,black,overweight,highschool,newyork
0,65.0,0,870.0,0,1,1,1.0,1.0,0.0,1.0
1,52.0,1,878.57,0,1,1,1.0,1.0,0.0,1.0
2,40.0,0,972.86,0,1,1,1.0,0.0,0.0,1.0
3,71.0,1,370.0,0,1,1,1.0,1.0,0.0,1.0
4,17.0,0,240.0,0,1,1,1.0,1.0,0.0,1.0
5,28.0,0,830.0,0,1,1,1.0,1.0,0.0,1.0
6,37.0,1,610.0,0,1,1,1.0,0.0,0.0,1.0
7,55.0,0,690.0,0,1,1,1.0,1.0,0.0,1.0
8,45.0,0,1860.0,0,1,1,1.0,0.0,0.0,1.0
9,32.0,1,870.0,0,1,1,1.0,0.0,0.0,1.0
10,20.0,1,810.0,0,1,1,1.0,0.0,0.0,1.0
11,32.0,1,1030.0,0,1,1,1.0,0.0,0.0,1.0
12,15.0,1,260.0,0,1,1,1.0,0.0,0.0,1.0
13,43.0,1,2000.0,0,1,1,1.0,0.0,0.0,1.0
14,17.0,0,530.0,0,1,1,1.0,0.0,0.0,1.0
15,27.0,1,880.0,0,1,1,1.0,1.0,0.0,1.0
16,50.0,0,970.0,0,1,1,1.0,0.0,0.0,1.0
17,14.0,0,1600.0,0,1,1,1.0,1.0,0.0,1.0
18,56.0,1,1600.0,0,1,1,1.0,0.0,0.0,1.0
19,77.0,0,660.0,0,1,1,1.0,0.0,0.0,1.0
20,20.0,1,1570.0,0,1,1,1.0,0.0,0.0,1.0
21,40.0,0,0.0,0,1,1,1.0,1.0,0.0,1.0
22,15.0,1,960.0,0,1,1,1.0,0.0,0.0,1.0
23,13.0,1,590.0,0,1,1,1.0,0.0,0.0,1.0
24,30.0,0,940.0,0,1,1,1.0,0.0,0.0,1.0
25,15.0,0,500.0,0,1,1,1.0,0.0,0.0,1.0
26,40.0,1,760.0,0,1,1,1.0,1.0,0.0,1.0
27,23.0,1,140.0,0,1,1,1.0,0.0,0.0,1.0
28,40.0,0,710.0,0,1,1,1.0,0.0,0.0,1.0
29,36.0,0,790.0,0,1,1,0.0,1.0,0.0,1.0
30,37.0,0,140.0,0,1,1,0.0,0.0,0.0,1.0
31,33.0,0,990.0,0,1,1,0.0,0.0,0.0,1.0
32,19.0,0,1410.0,0,1,1,1.0,0.0,0.0,1.0
33,39.0,0,2010.0,0,1,1,1.0,1.0,0.0,1.0
34,39.0,0,770.0,0,1,1,1.0,1.0,0.0,1.0
35,50.0,1,620.0,0,1,1,1.0,1.0,0.0,1.0
36,24.0,0,510.0,0,1,1,1.0,0.0,0.0,1.0
37,50.0,1,990.0,0,1,1,0.0,0.0,0.0,1.0
38,13.0,1,520.0,0,1,1,1.0,0.0,0.0,1.0
39,18.0,1,560.0,0,1,1,1.0,0.0,0.0,1.0
40,42.0,1,740.0,0,1,1,0.0,0.0,0.0,1.0
41,13.0,1,630.0,0,0,1,0.0,0.0,0.0,1.0
42,51.0,1,800.0,0,0,1,0.0,1.0,0.0,1.0
43,15.0,0,230.0,0,0,1,1.0,0.0,0.0,1.0
44,13.0,1,490.0,0,0,1,0.0,0.0,0.0,1.0
45,25.0,1,0.0,0,0,1,0.0,0.0,0.0,1.0
46,20.0,1,1130.0,0,0,1,0.0,0.0,0.0,1.0
47,23.0,1,720.0,0,0,1,0.0,0.0,0.0,1.0
48,51.0,1,300.0,0,0,1,1.0,1.0,0.0,1.0
49,16.0,0,340.0,0,0,1,1.0,0.0,0.0,1.0
50,18.0,0,710.0,0,0,1,0.0,0.0,0.0,1.0
51,23.0,0,570.0,0,0,1,0.0,1.0,0.0,1.0
52,35.0,1,760.0,0,0,1,0.0,0.0,0.0,1.0
53,21.0,0,620.0,0,0,1,0.0,0.0,0.0,1.0
54,38.0,0,0.0,0,1,1,0.0,0.0,0.0,1.0
55,40.0,0,330.0,0,1,1,0.0,1.0,0.0,1.0
56,35.0,0,370.0,0,1,1,1.0,1.0,0.0,1.0
57,33.0,1,760.0,0,1,1,0.0,0.0,0.0,1.0
58,57.0,0,2320.0,0,1,1,1.0,0.0,0.0,1.0
59,33.0,1,850.0,0,1,1,1.0,0.0,0.0,1.0
60,17.0,1,280.0,0,1,1,1.0,0.0,0.0,1.0
61,33.0,1,1080.0,0,1,1,0.0,1.0,0.0,1.0
62,56.0,1,600.0,0,1,1,0.0,0.0,0.0,1.0
63,81.0,1,1560.0,0,1,1,0.0,1.0,0.0,1.0
64,84.0,1,360.0,0,1,1,0.0,1.0,0.0,1.0
65,44.0,0,510.0,0,1,1,0.0,0.0,0.0,1.0
66,20.0,0,230.0,0,1,1,0.0,0.0,0.0,1.0
67,25.0,0,1430.0,0,1,1,1.0,0.0,0.0,1.0
68,58.0,0,280.0,0,1,1,0.0,1.0,0.0,1.0
69,14.0,1,1280.0,0,1,1,0.0,1.0,0.0,1.0
70,45.0,1,970.0,0,1,1,1.0,0.0,0.0,1.0
71,39.0,0,475.0,0,1,1,0.0,1.0,0.0,1.0
72,14.0,1,700.0,0,1,1,1.0,0.0,0.0,1.0
73,14.0,0,460.0,0,1,1,1.0,0.0,0.0,1.0
74,43.0,0,740.0,0,1,1,0.0,0.0,0.0,1.0
75,15.0,1,1440.0,0,1,1,1.0,0.0,0.0,1.0
76,44.0,0,740.0,0,1,1,0.0,0.0,0.0,1.0
77,18.0,0,1240.0,0,1,1,1.0,0.0,0.0,1.0
78,14.0,1,500.0,0,1,1,0.0,1.0,0.0,1.0
79,22.0,1,1100.0,0,1,1,1.0,0.0,0.0,1.0
80,65.0,0,490.0,0,1,1,1.0,0.0,0.0,1.0
81,52.0,0,1750.0,0,1,1,0.0,0.0,0.0,1.0
82,69.0,1,230.0,0,1,1,0.0,1.0,0.0,1.0
83,21.0,1,370.0,0,1,1,0.0,0.0,0.0,1.0
84,54.0,0,370.0,0,1,1,0.0,1.0,0.0,1.0
85,68.0,1,570.0,0,1,1,1.0,1.0,0.0,1.0
86,26.0,0,330.0,0,0,1,1.0,0.0,0.0,1.0
87,18.0,1,540.0,0,0,1,0.0,1.0,0.0,1.0
88,15.0,0,1170.0,0,0,1,1.0,1.0,0.0,1.0
89,50.0,1,1290.0,0,0,1,1.0,0.0,0.0,1.0
90,44.0,1,315.0,0,0,1,0.0,1.0,0.0,1.0
91,52.0,1,1310.0,0,0,1,1.0,0.0,0.0,1.0
92,60.0,1,230.0,0,0,1,1.0,1.0,0.0,1.0
93,29.0,0,0.0,0,0,1,0.0,0.0,0.0,1.0
94,14.0,1,1130.0,0,0,1,0.0,0.0,0.0,1.0
95,13.0,1,280.0,0,0,1,0.0,1.0,0.0,1.0
96,40.0,1,1030.0,0,0,1,1.0,1.0,0.0,1.0
97,29.0,0,500.0,0,0,1,0.0,0.0,0.0,1.0
98,19.0,0,970.0,0,0,1,0.0,0.0,0.0,1.0
99,51.0,0,780.0,0,0,1,1.0,0.0,0.0,1.0
100,14.0,1,300.0,0,0,1,1.0,0.0,0.0,1.0
101,21.0,0,690.0,0,0,1,1.0,0.0,0.0,1.0
102,40.0,0,960.0,0,0,1,1.0,0.0,0.0,1.0
103,27.0,0,860.0,0,0,1,1.0,0.0,0.0,1.0
104,45.0,0,20.0,0,0,1,1.0,0.0,0.0,1.0
105,26.0,0,710.0,0,0,1,1.0,0.0,0.0,1.0
106,47.0,0,150.0,0,0,1,1.0,1.0,0.0,1.0
107,30.0,0,0.0,0,0,1,1.0,0.0,0.0,1.0
108,54.0,0,1140.0,0,0,1,0.0,1.0,0.0,1.0
109,25.0,0,400.0,0,0,1,0.0,1.0,0.0,1.0
110,22.0,0,770.0,0,0,1,1.0,1.0,0.0,1.0
111,59.0,1,250.0,0,0,1,1.0,1.0,0.0,1.0
112,28.0,0,690.0,0,0,1,1.0,1.0,0.0,1.0
113,40.0,0,990.0,0,0,1,1.0,0.0,0.0,1.0
114,44.0,0,1220.0,0,0,1,0.0,0.0,0.0,1.0
115,56.0,1,610.0,0,0,1,1.0,1.0,0.0,1.0
116,48.0,0,540.0,0,0,1,0.0,0.0,0.0,1.0
117,35.0,0,964.75,0,0,1,1.0,0.0,0.0,1.0
118,35.0,0,300.0,0,0,1,1.0,1.0,0.0,1.0
119,18.0,0,1050.0,0,0,1,1.0,1.0,0.0,1.0
120,15.0,1,740.0,0,0,1,0.0,1.0,0.0,1.0
121,39.0,0,800.0,0,0,1,0.0,1.0,0.0,1.0
122,22.0,0,380.0,0,0,1,1.0,0.0,0.0,1.0
123,35.0,1,940.0,0,1,1,1.0,0.0,0.0,1.0
124,40.0,0,870.0,0,1,1,1.0,1.0,0.0,1.0
125,29.0,1,800.0,0,1,1,1.0,0.0,0.0,1.0
126,43.0,0,0.0,0,1,1,1.0,1.0,0.0,1.0
127,24.0,1,0.0,0,1,1,1.0,0.0,0.0,1.0
128,35.0,0,470.0,0,1,1,1.0,0.0,0.0,1.0
129,35.0,0,450.0,0,1,1,1.0,1.0,0.0,1.0
130,38.0,0,2540.0,0,1,2,1.0,0.0,0.0,1.0
131,15.0,0,3690.0,0,1,4,1.0,0.0,0.0,1.0
132,16.0,1,1100.0,0,1,1,0.0,0.0,0.0,1.0
133,13.0,0,790.0,0,1,1,1.0,0.0,0.0,1.0
134,19.0,0,1700.0,0,1,1,0.0,0.0,0.0,1.0
135,45.0,0,1045.0,0,1,1,0.0,1.0,0.0,1.0
136,43.0,0,2390.0,0,1,1,0.0,1.0,0.0,1.0
137,38.0,0,740.0,0,1,1,0.0,1.0,0.0,1.0
138,32.0,1,1370.0,0,1,1,1.0,0.0,0.0,1.0
139,22.0,0,540.0,0,1,1,0.0,1.0,0.0,1.0
140,15.0,0,740.0,0,1,1,1.0,0.0,0.0,1.0
141,29.0,0,260.0,0,1,3,1.0,0.0,0.0,1.0
142,16.0,0,850.0,0,1,1,1.0,1.0,0.0,1.0
143,44.0,0,1100.0,0,1,1,0.0,0.0,0.0,1.0
144,54.0,0,390.0,0,1,1,1.0,1.0,0.0,1.0
145,28.0,0,1380.0,0,1,1,1.0,0.0,0.0,1.0
146,56.0,0,150.0,0,1,1,1.0,1.0,0.0,1.0
147,23.0,0,1820.0,0,1,1,1.0,0.0,0.0,1.0
148,21.0,1,880.0,0,1,1,1.0,0.0,0.0,1.0
149,45.0,0,1230.0,0,1,1,1.0,0.0,0.0,1.0
150,74.0,1,810.0,0,1,1,1.0,0.0,0.0,1.0
151,36.0,0,740.0,0,1,1,1.0,0.0,0.0,1.0
152,19.0,0,580.0,0,1,1,1.0,1.0,0.0,1.0
153,44.0,0,0.0,0,1,1,1.0,0.0,0.0,1.0
154,38.0,1,1040.0,0,1,1,0.0,0.0,0.0,1.0
155,50.0,0,1345.0,0,1,1,1.0,0.0,0.0,1.0
156,50.0,0,870.0,0,1,1,1.0,1.0,0.0,1.0
157,44.0,1,1370.0,0,1,1,0.0,0.0,0.0,1.0
158,66.0,0,570.0,0,1,1,1.0,0.0,0.0,1.0
159,61.0,0,860.0,0,1,1,0.0,1.0,0.0,1.0
160,15.0,0,720.0,0,1,1,1.0,0.0,0.0,1.0
161,16.0,0,830.0,0,1,1,1.0,0.0,0.0,1.0
162,18.0,0,900.0,0,1,1,1.0,1.0,0.0,1.0
163,30.0,0,720.0,0,1,1,0.0,0.0,0.0,1.0
164,30.0,0,710.0,0,1,1,0.0,0.0,0.0,1.0
165,53.0,0,800.0,0,1,1,0.0,1.0,0.0,1.0
166,33.0,0,730.0,0,1,1,0.0,1.0,0.0,1.0
167,45.0,0,1090.0,0,1,1,1.0,0.0,0.0,1.0
168,50.0,0,660.0,0,1,1,1.0,1.0,0.0,1.0
169,34.0,1,900.0,0,1,1,1.0,1.0,0.0,1.0
170,32.0,1,180.0,0,1,1,1.0,1.0,0.0,1.0
171,40.0,0,660.0,0,1,1,1.0,1.0,0.0,1.0
172,23.0,0,440.0,0,1,1,1.0,0.0,0.0,1.0
173,55.0,0,490.0,0,1,1,1.0,1.0,0.0,1.0
174,17.0,1,620.0,0,1,1,1.0,0.0,0.0,1.0
175,51.0,0,350.0,0,1,1,0.0,1.0,0.0,1.0
176,25.0,1,980.0,0,0,1,1.0,0.0,0.0,1.0
177,63.0,0,780.0,0,0,1,0.0,1.0,0.0,1.0
178,15.0,0,300.0,0,0,1,1.0,0.0,0.0,1.0
179,14.0,0,150.0,0,0,1,1.0,0.0,0.0,1.0
180,40.0,0,1100.0,0,0,1,0.0,0.0,0.0,1.0
181,47.0,0,1160.0,0,0,1,1.0,0.0,0.0,1.0
182,14.0,0,630.0,0,0,1,1.0,0.0,0.0,1.0
183,24.0,0,880.0,0,0,2,0.0,1.0,0.0,1.0
184,18.0,1,1270.0,0,0,1,0.0,0.0,0.0,1.0
185,21.0,0,410.0,0,0,1,0.0,0.0,0.0,1.0
186,21.0,1,1490.0,0,0,1,0.0,0.0,0.0,1.0
187,18.0,1,1920.0,0,0,1,0.0,1.0,0.0,1.0
188,20.0,0,990.0,0,0,1,0.0,1.0,0.0,1.0
189,24.0,1,1100.0,0,0,1,0.0,0.0,0.0,1.0
190,14.0,0,780.0,0,0,1,1.0,0.0,0.0,1.0
191,43.0,1,250.0,0,0,1,0.0,0.0,0.0,1.0
192,64.0,0,920.0,0,0,1,0.0,0.0,0.0,1.0
193,38.0,0,330.0,0,0,1,0.0,0.0,0.0,1.0
194,73.0,0,150.0,0,0,1,0.0,0.0,0.0,1.0
195,30.0,0,360.0,0,0,1,0.0,1.0,0.0,1.0
196,21.0,0,1480.0,0,0,1,1.0,0.0,0.0,1.0
197,19.0,1,1195.0,0,0,1,0.0,0.0,0.0,1.0
198,21.0,1,1340.0,0,0,1,1.0,0.0,0.0,1.0
199,27.0,1,470.0,0,0,1,0.0,0.0,0.0,1.0
200,16.0,1,720.0,0,0,1,0.0,0.0,0.0,1.0
201,44.0,0,540.0,0,0,1,0.0,0.0,0.0,1.0
202,40.0,0,870.0,0,0,1,0.0,0.0,0.0,1.0
203,21.0,1,1130.0,0,0,1,0.0,0.0,0.0,1.0
204,48.0,0,320.0,0,1,1,1.0,0.0,0.0,0.0
205,45.0,0,1730.0,0,1,1,0.0,1.0,0.0,0.0
206,13.0,0,1155.0,0,1,1,1.0,0.0,0.0,0.0
207,60.0,0,1110.0,0,1,1,0.0,0.0,0.0,0.0
208,57.0,0,910.0,0,1,1,1.0,1.0,0.0,0.0
209,41.0,0,1155.0,0,1,1,0.0,0.0,0.0,0.0
210,25.0,0,900.0,0,1,1,0.0,0.0,0.0,0.0
211,49.0,0,800.0,0,1,1,1.0,0.0,0.0,0.0
212,43.0,0,1605.0,0,1,1,1.0,1.0,0.0,0.0
213,36.0,0,2005.0,0,1,1,1.0,1.0,0.0,0.0
214,44.0,1,320.0,0,1,1,1.0,0.0,0.0,0.0
215,45.0,1,405.0,0,1,1,0.0,0.0,0.0,0.0
216,18.0,0,670.0,0,1,1,1.0,0.0,0.0,0.0
217,55.0,1,380.0,0,1,1,1.0,0.0,0.0,0.0
218,71.0,1,640.0,0,1,1,0.0,0.0,0.0,0.0
219,13.0,1,1385.0,0,1,1,1.0,1.0,0.0,0.0
220,36.0,1,2030.0,0,1,1,1.0,0.0,0.0,0.0
221,43.0,1,2240.0,0,1,1,1.0,1.0,0.0,0.0
222,52.0,0,450.0,0,1,1,1.0,1.0,0.0,0.0
223,51.0,0,320.0,0,1,1,1.0,0.0,0.0,0.0
224,21.0,0,550.0,0,1,1,0.0,0.0,0.0,0.0
225,11.0,0,320.0,0,1,1,1.0,0.0,0.0,0.0
226,29.0,0,830.0,0,1,1,1.0,0.0,0.0,0.0
227,18.0,1,520.0,0,1,1,1.0,0.0,0.0,0.0
228,33.0,0,650.0,0,1,1,1.0,0.0,0.0,0.0
229,48.0,1,1410.0,0,1,1,1.0,0.0,0.0,0.0
230,44.0,1,1030.0,0,1,1,1.0,1.0,0.0,0.0
231,36.0,1,720.0,0,1,1,1.0,0.0,0.0,0.0
232,22.0,0,710.0,0,1,1,1.0,1.0,0.0,0.0
233,45.0,1,1050.0,0,1,1,1.0,1.0,0.0,0.0
234,14.0,0,260.0,0,1,1,1.0,0.0,0.0,0.0
235,39.0,1,830.0,0,1,1,0.0,1.0,0.0,0.0
236,50.0,0,195.0,0,1,1,1.0,1.0,0.0,0.0
237,36.0,1,380.0,0,1,1,0.0,0.0,0.0,0.0
238,19.0,0,590.0,0,1,1,0.0,0.0,0.0,0.0
239,27.0,0,330.0,0,1,1,0.0,1.0,0.0,0.0
240,59.0,0,830.0,0,1,1,1.0,1.0,0.0,0.0
241,17.0,1,520.0,0,1,1,0.0,0.0,0.0,0.0
242,42.0,1,190.0,0,1,1,1.0,0.0,0.0,0.0
243,29.0,1,720.0,0,1,1,1.0,0.0,0.0,0.0
244,57.0,0,660.0,0,1,1,1.0,0.0,0.0,0.0
245,49.0,1,1380.0,0,1,1,0.0,1.0,0.0,0.0
246,11.0,0,1120.0,0,1,1,1.0,0.0,0.0,0.0
247,20.0,1,900.0,0,1,1,1.0,0.0,0.0,0.0
248,17.0,0,280.0,0,0,1,1.0,1.0,0.0,0.0
249,17.0,0,330.0,0,0,1,1.0,0.0,0.0,0.0
250,30.0,1,230.0,0,0,1,1.0,1.0,0.0,0.0
251,58.0,1,500.0,0,0,1,1.0,0.0,0.0,0.0
252,29.0,1,280.0,0,0,1,1.0,1.0,0.0,0.0
253,18.0,0,950.0,0,0,1,0.0,0.0,0.0,0.0
254,31.0,1,800.0,0,0,1,1.0,0.0,0.0,0.0
255,44.0,0,410.0,0,0,1,1.0,0.0,0.0,0.0
256,43.0,1,1350.0,0,0,1,1.0,0.0,0.0,0.0
257,23.0,1,630.0,0,0,1,1.0,0.0,0.0,0.0
258,13.0,0,150.0,0,0,1,0.0,0.0,0.0,0.0
259,57.0,1,1090.0,0,0,1,1.0,0.0,0.0,0.0
260,40.0,0,540.0,0,0,1,1.0,1.0,0.0,0.0
261,20.0,1,1060.0,0,0,1,1.0,1.0,0.0,0.0
262,25.0,1,890.0,0,0,1,1.0,0.0,0.0,0.0
263,40.0,0,970.0,0,0,1,1.0,0.0,0.0,0.0
264,17.0,0,1283.0,0,0,1,0.0,1.0,0.0,0.0
265,19.0,1,1160.0,0,0,1,1.0,0.0,0.0,0.0
266,59.0,0,0.0,0,0,1,1.0,1.0,0.0,0.0
267,36.0,0,520.0,0,0,1,1.0,0.0,0.0,0.0
268,44.0,0,280.0,0,0,1,1.0,0.0,0.0,0.0
269,55.0,1,500.0,0,0,1,1.0,0.0,0.0,0.0
270,44.0,0,570.0,0,0,1,1.0,0.0,0.0,0.0
271,46.0,0,150.0,0,0,1,1.0,0.0,0.0,0.0
272,26.0,0,640.0,0,0,1,1.0,0.0,0.0,0.0
273,13.0,0,150.0,0,0,1,0.0,0.0,0.0,0.0
274,40.0,0,2340.0,0,0,1,1.0,0.0,0.0,0.0
275,41.0,1,2210.0,0,0,1,1.0,0.0,0.0,0.0
276,45.0,0,820.0,0,0,1,1.0,1.0,0.0,0.0
277,40.0,1,1045.0,0,1,1,0.0,1.0,0.0,1.0
278,42.0,1,985.0,0,1,1,0.0,0.0,0.0,1.0
279,56.0,0,510.0,0,1,1,0.0,0.0,0.0,1.0
280,27.0,0,615.0,0,1,1,1.0,1.0,0.0,1.0
281,17.0,0,640.0,0,1,1,1.0,1.0,0.0,1.0
282,19.0,1,985.0,0,1,1,0.0,0.0,0.0,1.0
283,24.0,0,845.0,0,1,1,1.0,0.0,0.0,1.0
284,24.0,0,670.0,0,1,1,0.0,0.0,0.0,1.0
285,23.0,1,1625.0,0,1,1,1.0,0.0,0.0,1.0
286,39.0,0,1500.0,0,1,1,1.0,0.0,0.0,1.0
287,30.0,1,880.0,0,1,1,0.0,1.0,0.0,1.0
288,31.0,0,1440.0,0,1,1,1.0,0.0,0.0,1.0
289,43.0,0,940.0,0,1,1,1.0,0.0,0.0,1.0
290,60.0,0,585.0,0,1,1,0.0,1.0,0.0,1.0
291,15.0,0,660.0,0,1,1,0.0,0.0,0.0,1.0
292,27.0,0,380.0,0,1,1,1.0,0.0,0.0,1.0
293,80.0,0,550.0,0,1,1,0.0,0.0,0.0,1.0
294,46.0,0,300.0,0,1,1,0.0,0.0,0.0,1.0
295,23.0,0,900.0,0,1,1,0.0,0.0,0.0,1.0
296,29.0,1,640.0,0,1,1,1.0,0.0,0.0,1.0
297,15.0,0,1340.0,0,1,1,1.0,0.0,0.0,1.0
298,23.0,1,1460.0,0,1,1,0.0,0.0,0.0,1.0
299,22.0,0,1130.0,0,1,2,1.0,0.0,0.0,1.0
300,24.0,0,1200.0,0,1,1,1.0,0.0,0.0,1.0
301,30.0,0,390.0,0,1,1,1.0,0.0,0.0,1.0
302,49.0,0,1000.0,0,1,1,1.0,0.0,0.0,1.0
303,15.0,0,1060.0,0,1,1,1.0,0.0,0.0,1.0
304,23.0,1,1540.0,0,1,1,0.0,0.0,0.0,1.0
305,41.0,0,1630.0,0,0,1,1.0,1.0,0.0,1.0
306,22.0,0,890.0,0,0,1,1.0,0.0,0.0,1.0
307,16.0,0,550.0,0,0,1,1.0,1.0,0.0,1.0
308,40.0,1,1350.0,0,0,1,0.0,0.0,0.0,1.0
309,30.0,0,980.0,0,0,1,0.0,1.0,0.0,1.0
310,52.0,1,830.0,0,0,1,0.0,0.0,0.0,1.0
311,47.0,1,230.0,0,0,1,1.0,0.0,0.0,1.0
312,16.0,0,970.0,0,0,1,0.0,0.0,0.0,1.0
313,38.0,0,640.0,0,0,1,1.0,1.0,0.0,1.0
314,31.0,1,860.0,0,0,1,1.0,0.0,0.0,1.0
315,27.0,0,1970.0,0,0,1,1.0,1.0,0.0,1.0
316,30.0,0,1020.0,0,0,1,0.0,1.0,0.0,1.0
317,19.0,1,1150.0,0,0,1,1.0,0.0,0.0,1.0
318,17.0,0,920.0,0,0,1,1.0,0.0,0.0,1.0
319,19.0,0,520.0,0,0,1,1.0,0.0,0.0,1.0
320,52.0,0,680.0,0,0,1,0.0,1.0,0.0,1.0
321,48.0,0,310.0,0,0,1,1.0,1.0,0.0,1.0
322,53.0,1,450.0,0,0,1,1.0,0.0,0.0,1.0
323,48.0,1,400.0,0,0,1,1.0,0.0,0.0,1.0
324,33.0,1,850.0,0,0,1,1.0,1.0,0.0,1.0
325,24.0,1,1190.0,0,0,1,1.0,0.0,0.0,1.0
326,52.0,1,1250.0,0,0,1,1.0,1.0,0.0,1.0
327,34.0,0,1630.0,0,0,1,1.0,1.0,0.0,1.0
328,18.0,0,600.0,0,0,1,1.0,0.0,0.0,1.0
329,35.0,1,410.0,0,0,1,0.0,0.0,0.0,1.0
330,16.0,0,540.0,0,0,1,1.0,0.0,0.0,1.0
331,18.0,0,1350.0,0,0,1,1.0,1.0,0.0,1.0
332,22.0,1,1250.0,0,0,1,1.0,0.0,0.0,1.0
333,17.0,1,1880.0,0,0,1,1.0,0.0,0.0,1.0
334,46.0,0,680.0,0,0,1,0.0,0.0,0.0,1.0
335,33.0,0,1060.0,0,0,1,1.0,0.0,0.0,1.0
336,47.0,1,230.0,0,0,1,1.0,0.0,0.0,1.0
337,36.0,0,1240.0,0,1,1,1.0,1.0,0.0,0.0
338,47.0,1,740.0,0,1,1,1.0,0.0,0.0,0.0
339,55.0,0,620.0,0,1,1,1.0,0.0,0.0,0.0
340,45.0,1,180.0,0,1,1,1.0,0.0,0.0,0.0
341,28.0,0,800.0,0,1,1,0.0,1.0,0.0,0.0
342,43.0,0,870.0,0,1,1,0.0,0.0,0.0,0.0
343,44.0,0,900.0,0,1,1,1.0,1.0,0.0,0.0
344,43.0,0,810.0,0,1,1,1.0,1.0,0.0,0.0
345,45.0,0,1400.0,0,1,1,1.0,1.0,0.0,0.0
346,52.0,0,970.0,0,1,1,0.0,1.0,0.0,0.0
347,41.0,1,1220.0,0,1,1,1.0,0.0,0.0,0.0
348,32.0,1,856.5,0,1,1,1.0,0.0,0.0,0.0
349,42.0,0,630.0,0,1,1,1.0,0.0,0.0,0.0
350,50.0,0,440.0,0,1,1,0.0,0.0,0.0,0.0
351,20.0,1,450.0,0,1,1,1.0,0.0,0.0,0.0
352,55.0,0,630.0,0,1,1,1.0,0.0,0.0,0.0
353,30.0,0,1010.0,0,1,1,0.0,1.0,0.0,0.0
354,37.0,0,390.0,0,1,1,1.0,0.0,0.0,0.0
355,54.0,0,770.0,0,1,1,0.0,1.0,0.0,0.0
356,41.0,0,710.0,0,1,1,1.0,1.0,0.0,0.0
357,60.0,0,470.0,0,1,1,1.0,0.0,0.0,0.0
358,14.0,1,1700.0,0,1,1,1.0,0.0,0.0,0.0
359,48.0,0,870.0,0,1,1,1.0,1.0,0.0,0.0
360,46.0,0,600.0,0,1,1,1.0,0.0,0.0,0.0
361,46.0,1,240.0,0,1,1,1.0,0.0,0.0,0.0
362,39.0,0,1010.0,0,1,1,1.0,1.0,0.0,0.0
363,18.0,0,880.0,0,1,1,1.0,0.0,0.0,0.0
364,43.0,1,940.0,0,1,1,1.0,0.0,0.0,0.0
365,58.0,1,830.0,0,1,1,0.0,0.0,0.0,0.0
366,50.0,0,450.0,0,1,1,1.0,1.0,0.0,0.0
367,13.0,1,1090.0,0,1,1,0.0,0.0,0.0,0.0
368,45.0,0,856.5,0,1,1,1.0,0.0,0.0,0.0
369,20.0,0,760.0,0,1,1,1.0,0.0,0.0,0.0
370,43.0,1,1020.0,0,1,1,1.0,1.0,0.0,0.0
371,26.0,1,280.0,0,1,1,1.0,0.0,0.0,0.0
372,17.0,0,870.0,0,1,1,0.0,0.0,0.0,0.0
373,23.0,1,850.0,0,1,1,0.0,0.0,0.0,0.0
374,57.0,0,230.0,0,0,1,1.0,0.0,0.0,0.0
375,50.0,1,360.0,0,0,1,1.0,0.0,0.0,0.0
376,23.0,0,1052.0,0,0,1,1.0,0.0,0.0,0.0
377,28.0,0,1000.0,0,0,1,0.0,0.0,0.0,0.0
378,26.0,0,910.0,0,0,1,1.0,1.0,0.0,0.0
379,17.0,0,620.0,0,0,1,1.0,0.0,0.0,0.0
380,16.0,0,230.0,0,0,1,1.0,0.0,0.0,0.0
381,13.0,1,550.0,0,0,1,0.0,0.0,0.0,0.0
382,64.0,0,1260.0,0,0,1,1.0,0.0,0.0,0.0
383,16.0,0,740.0,0,0,1,1.0,1.0,0.0,0.0
384,13.0,0,230.0,0,0,1,1.0,0.0,0.0,0.0
385,43.0,0,540.0,0,0,1,1.0,0.0,0.0,0.0
386,25.0,1,1100.0,0,0,1,1.0,0.0,0.0,0.0
387,19.0,0,460.0,0,0,1,1.0,0.0,0.0,0.0
388,15.0,1,280.0,0,0,1,0.0,0.0,0.0,0.0
389,52.0,0,260.0,0,0,1,1.0,0.0,0.0,0.0
390,36.0,0,230.0,0,0,1,1.0,0.0,0.0,0.0
391,46.0,1,360.0,0,0,1,1.0,0.0,0.0,0.0
392,47.0,1,970.0,0,0,1,1.0,0.0,0.0,0.0
393,23.0,1,1550.0,0,0,1,1.0,0.0,0.0,0.0
394,32.0,1,820.0,0,0,1,1.0,1.0,0.0,0.0
395,18.0,1,920.0,0,0,1,1.0,0.0,0.0,0.0
396,40.0,0,830.0,0,0,1,1.0,1.0,0.0,0.0
397,17.0,0,150.0,0,0,1,1.0,0.0,0.0,0.0
398,14.0,1,230.0,0,0,1,1.0,0.0,0.0,0.0
399,40.0,0,820.0,0,0,1,1.0,1.0,0.0,0.0
400,14.0,1,615.0,0,1,1,0.0,0.0,0.0,1.0
401,24.0,0,700.0,0,1,1,0.0,0.0,0.0,1.0
402,21.0,0,220.0,0,1,1,1.0,0.0,0.0,1.0
403,45.0,0,490.0,0,1,1,0.0,1.0,0.0,1.0
404,39.0,0,300.0,0,1,1,1.0,0.0,0.0,1.0
405,27.0,1,830.0,0,1,1,0.0,0.0,0.0,1.0
406,40.0,0,320.0,0,1,1,1.0,0.0,0.0,1.0
407,43.0,1,750.0,0,1,1,0.0,0.0,0.0,1.0
408,70.0,1,840.0,0,1,1,1.0,0.0,0.0,1.0
409,86.0,0,770.0,0,1,1,0.0,0.0,0.0,1.0
410,24.0,1,590.0,0,1,1,0.0,0.0,0.0,1.0
411,51.0,1,190.0,0,1,1,0.0,0.0,0.0,1.0
412,44.0,1,310.0,0,1,1,0.0,1.0,0.0,1.0
413,44.0,0,320.0,0,1,1,1.0,0.0,0.0,1.0
414,34.0,0,535.0,0,1,1,1.0,1.0,0.0,1.0
415,61.0,1,380.0,0,1,1,1.0,1.0,0.0,1.0
416,49.0,0,310.0,0,1,1,1.0,1.0,0.0,1.0
417,20.0,1,540.0,0,1,1,0.0,0.0,0.0,1.0
418,31.0,0,430.0,0,1,1,1.0,0.0,0.0,1.0
419,45.0,0,1070.0,0,1,1,1.0,1.0,0.0,1.0
420,20.0,0,900.0,0,1,1,0.0,0.0,0.0,1.0
421,64.0,0,770.0,0,1,1,0.0,0.0,0.0,1.0
422,60.0,0,1510.0,0,1,1,0.0,1.0,0.0,1.0
423,24.0,0,1450.0,0,1,1,1.0,1.0,0.0,1.0
424,36.0,0,830.0,0,1,1,1.0,0.0,0.0,1.0
425,46.0,1,830.0,0,1,1,0.0,1.0,0.0,1.0
426,49.0,0,560.0,0,1,1,0.0,0.0,0.0,1.0
427,55.0,1,580.0,0,1,1,0.0,0.0,0.0,1.0
428,32.0,0,810.0,0,1,1,0.0,1.0,0.0,1.0
429,37.0,0,925.0,0,1,1,0.0,0.0,0.0,1.0
430,72.0,1,1000.0,0,1,1,0.0,1.0,0.0,1.0
431,23.0,0,1490.0,0,1,1,1.0,0.0,0.0,1.0
432,58.0,1,750.0,0,1,1,0.0,1.0,0.0,1.0
433,65.0,0,740.0,0,1,1,1.0,1.0,0.0,1.0
434,42.0,0,1190.0,0,1,1,0.0,1.0,0.0,1.0
435,31.0,0,870.0,0,1,1,0.0,0.0,0.0,1.0
436,58.0,0,1010.0,0,1,1,1.0,1.0,0.0,1.0
437,27.0,0,530.0,0,1,1,0.0,0.0,0.0,1.0
438,41.0,1,720.0,0,1,1,1.0,0.0,0.0,1.0
439,30.0,1,650.0,0,1,1,1.0,0.0,0.0,1.0
440,64.0,0,650.0,0,1,1,1.0,1.0,0.0,1.0
441,24.0,0,840.0,0,1,1,0.0,1.0,0.0,1.0
442,45.0,0,470.0,0,1,1,1.0,0.0,0.0,1.0
443,27.0,0,810.0,0,1,1,0.0,0.0,0.0,1.0
444,26.0,0,1160.0,0,1,1,0.0,0.0,0.0,1.0
445,46.0,0,460.0,0,1,1,0.0,1.0,0.0,1.0
446,73.0,1,310.0,0,1,1,0.0,0.0,0.0,1.0
447,23.0,1,520.0,0,1,1,0.0,0.0,0.0,1.0
448,47.0,0,1630.0,0,1,1,1.0,1.0,0.0,1.0
449,16.0,0,1635.0,0,1,1,0.0,1.0,0.0,1.0
450,46.0,1,660.0,0,1,1,1.0,0.0,0.0,1.0
451,47.0,0,550.0,0,1,1,0.0,1.0,0.0,1.0
452,60.0,0,320.0,0,1,1,0.0,0.0,0.0,1.0
453,25.0,0,930.0,0,1,1,0.0,0.0,0.0,1.0
454,68.0,1,570.0,0,1,1,0.0,1.0,0.0,1.0
455,16.0,0,985.0,0,1,1,0.0,0.0,0.0,1.0
456,42.0,1,600.0,0,0,1,0.0,0.0,0.0,1.0
457,60.0,1,300.0,0,0,1,1.0,1.0,0.0,1.0
458,27.0,0,1440.0,0,0,1,1.0,0.0,0.0,1.0
459,52.0,0,1020.0,0,0,1,1.0,1.0,0.0,1.0
460,21.0,0,880.0,0,0,1,1.0,0.0,0.0,1.0
461,19.0,1,1540.0,0,0,1,1.0,0.0,0.0,1.0
462,13.0,0,1150.0,0,0,1,1.0,0.0,0.0,1.0
463,45.0,0,480.0,0,0,1,1.0,0.0,0.0,1.0
464,21.0,0,660.0,0,0,1,1.0,0.0,0.0,1.0
465,20.0,0,1880.0,0,0,1,1.0,1.0,0.0,1.0
466,16.0,0,910.0,0,0,1,1.0,0.0,0.0,1.0
467,40.0,1,660.0,0,0,1,1.0,1.0,0.0,1.0
468,69.0,1,0.0,0,0,1,1.0,1.0,0.0,1.0
469,46.0,1,1455.0,0,0,1,1.0,0.0,0.0,1.0
470,27.0,0,230.0,0,0,1,1.0,0.0,0.0,1.0
471,38.0,1,550.0,0,0,1,0.0,0.0,0.0,1.0
472,16.0,1,1610.0,0,0,1,1.0,0.0,0.0,1.0
473,19.0,1,230.0,0,0,1,1.0,1.0,0.0,1.0
474,17.0,0,1260.0,0,0,1,1.0,0.0,0.0,1.0
475,19.0,0,1830.0,0,0,1,0.0,0.0,0.0,1.0
476,15.0,1,1030.0,0,0,1,1.0,0.0,0.0,1.0
477,35.0,0,230.0,0,0,1,1.0,1.0,0.0,1.0
478,19.0,0,1410.0,0,0,2,1.0,0.0,0.0,1.0
479,35.0,0,770.0,0,0,1,1.0,1.0,0.0,1.0
480,37.0,1,830.0,0,0,1,1.0,0.0,0.0,1.0
481,13.0,0,230.0,0,0,1,0.0,0.0,0.0,1.0
482,20.0,1,0.0,0,0,1,1.0,0.0,0.0,1.0
483,15.0,0,1030.0,0,0,1,1.0,0.0,0.0,1.0
484,26.0,0,950.0,0,0,1,1.0,0.0,0.0,1.0
485,25.0,1,830.0,0,0,1,0.0,0.0,0.0,1.0
486,18.0,0,550.0,0,0,1,1.0,0.0,0.0,1.0
487,68.0,0,0.0,0,0,1,1.0,0.0,0.0,1.0
488,49.0,0,300.0,0,0,1,1.0,0.0,0.0,1.0
489,50.0,0,760.0,0,0,1,1.0,0.0,0.0,1.0
490,13.0,0,950.0,0,0,1,1.0,1.0,0.0,1.0
491,61.0,0,550.0,0,0,1,1.0,0.0,0.0,1.0
492,32.0,0,0.0,0,0,1,1.0,1.0,0.0,1.0
493,41.0,0,1110.0,0,0,1,0.0,1.0,0.0,1.0
494,52.0,0,0.0,0,0,1,1.0,1.0,0.0,1.0
495,30.0,0,230.0,0,0,1,1.0,0.0,0.0,1.0
496,35.0,1,240.0,0,0,1,1.0,0.0,0.0,1.0
497,43.0,1,780.0,0,0,1,1.0,1.0,0.0,1.0
498,45.0,1,660.0,0,0,1,1.0,1.0,0.0,1.0
499,52.0,0,2740.0,0,0,1,1.0,0.0,0.0,1.0
500,61.0,0,805.0,0,0,1,1.0,0.0,0.0,1.0
501,32.0,0,530.0,0,0,1,1.0,0.0,0.0,1.0
502,58.0,1,330.0,0,0,1,1.0,0.0,0.0,1.0
503,31.0,0,240.0,0,0,1,1.0,0.0,0.0,1.0
504,40.0,0,1500.0,0,0,1,1.0,1.0,0.0,1.0
505,32.0,0,300.0,0,0,1,1.0,0.0,0.0,1.0
506,54.0,0,730.0,0,0,1,1.0,1.0,0.0,1.0
507,48.0,0,380.0,0,0,1,1.0,1.0,0.0,1.0
508,30.0,1,470.0,0,0,1,1.0,0.0,0.0,1.0
509,54.0,1,250.0,0,0,1,1.0,0.0,0.0,1.0
510,47.0,0,680.0,0,1,1,0.0,0.0,0.0,0.0
511,33.0,0,600.0,0,1,1,1.0,0.0,0.0,0.0
512,14.0,0,1210.0,0,1,1,1.0,0.0,0.0,0.0
513,55.0,0,480.0,0,1,1,1.0,0.0,0.0,0.0
514,34.0,1,1210.0,0,1,1,0.0,0.0,0.0,0.0
515,16.0,0,600.0,0,1,1,1.0,0.0,0.0,0.0
516,43.0,1,560.0,0,1,1,0.0,0.0,0.0,0.0
517,45.0,0,360.0,0,1,1,0.0,0.0,0.0,0.0
518,59.0,0,1000.0,0,1,1,0.0,0.0,0.0,0.0
519,41.0,0,910.0,0,1,1,1.0,1.0,0.0,0.0
520,27.0,1,1540.0,0,1,1,0.0,0.0,0.0,0.0
521,75.0,0,550.0,0,1,1,1.0,0.0,0.0,0.0
522,31.0,0,1180.0,0,1,1,1.0,0.0,0.0,0.0
523,29.0,0,720.0,0,1,1,0.0,0.0,0.0,0.0
524,47.0,1,1340.0,0,1,1,1.0,1.0,0.0,0.0
525,54.0,1,2230.0,0,1,1,1.0,0.0,0.0,0.0
526,21.0,1,1440.0,0,1,1,0.0,0.0,0.0,0.0
527,45.0,0,840.0,0,1,1,0.0,0.0,0.0,0.0
528,16.0,0,600.0,0,1,1,1.0,0.0,0.0,0.0
529,26.0,0,690.0,0,1,1,1.0,0.0,0.0,0.0
530,33.0,1,140.0,0,1,1,1.0,1.0,0.0,0.0
531,30.0,0,0.0,0,1,1,0.0,0.0,0.0,0.0
532,36.0,0,1320.0,0,1,1,1.0,0.0,0.0,0.0
533,23.0,0,700.0,0,1,1,0.0,0.0,0.0,0.0
534,52.0,0,1060.0,0,1,1,0.0,1.0,0.0,0.0
535,37.0,0,370.0,0,1,1,1.0,1.0,0.0,0.0
536,24.0,0,1120.0,0,1,1,0.0,1.0,0.0,0.0
537,40.0,0,670.0,0,1,1,1.0,1.0,0.0,0.0
538,18.0,0,300.0,0,1,1,0.0,0.0,0.0,0.0
539,27.0,0,880.0,0,1,1,0.0,1.0,0.0,0.0
540,26.0,1,730.0,0,1,1,1.0,0.0,0.0,0.0
541,26.0,0,480.0,0,1,1,1.0,0.0,0.0,0.0
542,30.0,0,1230.0,0,1,1,1.0,1.0,0.0,0.0
543,46.0,1,370.0,0,1,1,1.0,1.0,0.0,0.0
544,16.0,0,1220.0,0,1,1,0.0,0.0,0.0,0.0
545,30.0,0,1340.0,0,1,1,0.0,1.0,0.0,0.0
546,36.0,0,990.0,0,1,1,1.0,0.0,0.0,0.0
547,20.0,0,300.0,0,1,1,1.0,0.0,0.0,0.0
548,25.0,1,1340.0,0,1,1,1.0,0.0,0.0,0.0
549,40.0,0,370.0,0,1,1,1.0,1.0,0.0,0.0
550,40.0,1,740.0,0,1,1,1.0,1.0,0.0,0.0
551,41.0,1,1455.0,0,1,1,1.0,1.0,0.0,0.0
552,14.0,0,1710.0,0,1,1,0.0,0.0,0.0,0.0
553,42.0,1,990.0,0,1,1,1.0,0.0,0.0,0.0
554,50.0,1,1080.0,0,1,1,1.0,0.0,0.0,0.0
555,43.0,1,370.0,0,1,1,1.0,0.0,0.0,0.0
556,39.0,0,740.0,0,1,1,1.0,0.0,0.0,0.0
557,32.0,1,1580.0,0,1,1,1.0,0.0,0.0,0.0
558,45.0,1,805.0,0,1,1,1.0,0.0,0.0,0.0
559,51.0,0,960.0,0,1,1,0.0,0.0,0.0,0.0
560,40.0,0,600.0,0,1,1,0.0,0.0,0.0,0.0
561,21.0,0,1625.0,0,1,1,0.0,0.0,0.0,0.0
562,75.0,1,345.0,0,1,1,0.0,0.0,0.0,0.0
563,59.0,0,600.0,0,1,1,1.0,0.0,0.0,0.0
564,52.0,0,650.0,0,1,1,1.0,0.0,0.0,0.0
565,73.0,0,1075.0,0,1,1,1.0,0.0,0.0,0.0
566,42.0,1,970.0,0,1,1,1.0,0.0,0.0,0.0
567,34.0,1,1780.0,0,1,1,0.0,0.0,0.0,0.0
568,32.0,0,1235.0,0,1,1,0.0,0.0,0.0,1.0
569,29.0,1,1860.0,0,1,1,0.0,1.0,0.0,1.0
570,48.0,0,1220.0,0,1,1,0.0,1.0,0.0,1.0
571,47.0,0,810.0,0,1,1,0.0,0.0,0.0,1.0
572,36.0,0,1315.0,0,1,1,1.0,0.0,0.0,1.0
573,69.0,0,1140.0,0,1,1,0.0,0.0,0.0,1.0
574,14.0,0,1090.0,0,1,2,0.0,0.0,0.0,1.0
575,29.0,0,660.0,0,1,1,1.0,0.0,0.0,1.0
576,49.0,0,1020.0,0,1,1,1.0,0.0,0.0,1.0
577,42.0,1,640.0,0,1,1,1.0,1.0,0.0,1.0
578,26.0,1,1260.0,0,1,1,0.0,1.0,0.0,1.0
579,56.0,1,1110.0,0,1,1,0.0,0.0,0.0,1.0
580,41.0,0,1580.0,0,1,1,0.0,0.0,0.0,1.0
581,38.0,0,440.0,0,0,1,0.0,0.0,0.0,1.0
582,16.0,1,410.0,0,0,1,1.0,0.0,0.0,1.0
583,46.0,0,60.0,0,0,1,0.0,1.0,0.0,1.0
584,18.0,0,830.0,0,0,1,1.0,1.0,0.0,1.0
585,18.0,0,910.0,0,0,1,1.0,1.0,0.0,1.0
586,44.0,0,1130.0,0,0,1,1.0,0.0,0.0,1.0
587,65.0,1,1290.0,0,0,1,1.0,0.0,0.0,1.0
588,16.0,0,360.0,0,0,1,1.0,0.0,0.0,1.0
589,41.0,1,300.0,0,0,1,1.0,1.0,0.0,1.0
590,21.0,0,830.0,0,0,1,1.0,1.0,0.0,1.0
591,65.0,0,0.0,0,0,1,1.0,0.0,0.0,1.0
592,30.0,1,0.0,0,0,1,1.0,0.0,0.0,1.0
593,20.0,0,805.0,0,0,1,1.0,0.0,0.0,1.0
594,19.0,1,500.0,0,0,1,1.0,0.0,0.0,1.0
595,47.0,0,1090.0,0,0,1,1.0,0.0,0.0,1.0
596,48.0,1,400.0,0,0,1,1.0,0.0,0.0,1.0
597,30.0,0,1140.0,0,0,1,1.0,0.0,0.0,1.0
598,50.0,0,1050.0,0,0,1,1.0,1.0,0.0,1.0
599,23.0,0,270.0,0,0,1,1.0,1.0,0.0,1.0
600,18.0,0,870.0,0,0,1,1.0,1.0,0.0,1.0
601,23.0,0,0.0,0,0,1,0.0,0.0,0.0,1.0
602,15.0,0,230.0,0,0,1,1.0,1.0,0.0,1.0
603,24.0,1,1010.0,0,0,1,1.0,0.0,0.0,1.0
604,43.0,0,250.0,0,0,1,1.0,0.0,0.0,1.0
605,27.0,1,1270.0,0,0,1,0.0,0.0,0.0,1.0
606,15.0,0,480.0,0,0,1,1.0,0.0,0.0,1.0
607,47.0,0,230.0,0,0,1,1.0,0.0,0.0,1.0
608,47.0,1,530.0,0,0,1,1.0,0.0,0.0,1.0
609,15.0,1,780.0,0,0,1,1.0,0.0,0.0,1.0
610,27.0,0,970.0,0,0,1,1.0,0.0,0.0,1.0
611,38.0,1,520.0,0,0,1,1.0,0.0,0.0,1.0
612,24.0,1,230.0,0,0,1,1.0,1.0,0.0,1.0
613,42.0,1,300.0,0,0,1,1.0,1.0,0.0,1.0
614,64.0,1,160.0,0,0,1,0.0,0.0,0.0,1.0
615,66.0,1,480.0,0,0,1,0.0,0.0,0.0,1.0
616,16.0,0,1140.0,0,0,1,1.0,1.0,0.0,1.0
617,15.0,1,1190.0,0,1,1,0.0,0.0,0.0,1.0
618,26.0,0,920.0,1,1,1,1.0,0.0,1.0,0.0
619,27.0,0,790.0,1,1,1,1.0,1.0,0.0,0.0
620,39.0,1,630.0,1,1,1,1.0,1.0,1.0,0.0
621,25.0,0,600.0,1,1,1,0.0,1.0,1.0,0.0
622,40.0,1,1400.0,1,1,1,0.0,1.0,1.0,0.0
623,18.0,0,720.0,1,1,1,0.0,1.0,1.0,0.0
624,31.0,0,450.0,1,1,1,1.0,1.0,1.0,0.0
625,43.0,1,540.0,1,1,1,1.0,1.0,1.0,0.0
626,48.0,1,800.0,1,1,1,0.0,1.0,1.0,0.0
627,60.0,1,870.0,1,1,1,1.0,0.0,0.0,0.0
628,25.0,0,1100.0,1,1,1,1.0,1.0,1.0,0.0
629,30.0,0,1820.0,1,1,1,1.0,0.0,0.0,0.0
630,40.0,1,300.0,1,1,1,1.0,0.0,1.0,0.0
631,19.0,0,880.0,1,1,1,1.0,0.0,1.0,0.0
632,59.0,0,40.0,1,1,1,1.0,1.0,1.0,0.0
633,50.0,0,830.0,1,1,1,1.0,0.0,1.0,0.0
634,46.0,0,1210.0,1,1,1,0.0,1.0,1.0,0.0
635,67.0,1,950.0,1,1,1,1.0,0.0,1.0,0.0
636,25.0,0,1120.0,1,1,1,1.0,1.0,1.0,0.0
637,19.0,1,1540.0,1,1,1,1.0,0.0,1.0,0.0
638,53.0,0,690.0,1,1,1,1.0,0.0,1.0,0.0
639,67.0,1,400.0,1,1,1,0.0,0.0,1.0,0.0
640,44.0,0,1210.0,1,1,1,0.0,1.0,1.0,0.0
641,72.0,1,870.0,1,1,1,1.0,1.0,1.0,0.0
642,40.0,1,810.0,1,1,1,1.0,0.0,1.0,0.0
643,31.0,1,240.0,1,1,1,0.0,0.0,1.0,0.0
644,28.0,0,596.5,1,1,1,1.0,0.0,1.0,0.0
645,35.0,0,40.0,1,1,1,1.0,0.0,0.0,0.0
646,29.0,0,3612.86,1,1,5,1.0,1.0,1.0,0.0
647,54.0,0,1190.0,1,1,1,1.0,0.0,1.0,0.0
648,51.0,0,2520.0,1,1,1,1.0,1.0,1.0,0.0
649,31.0,1,690.0,1,1,1,1.0,1.0,0.0,0.0
650,49.0,1,400.0,1,1,1,0.0,0.0,1.0,0.0
651,48.0,0,1080.0,1,1,1,1.0,1.0,1.0,0.0
652,70.0,0,950.0,1,1,1,1.0,0.0,1.0,0.0
653,23.0,0,720.0,1,1,1,1.0,1.0,1.0,0.0
654,37.0,0,640.0,1,1,1,1.0,1.0,1.0,0.0
655,45.0,1,1420.0,1,1,1,1.0,1.0,1.0,0.0
656,16.0,1,670.0,1,0,1,1.0,0.0,1.0,0.0
657,30.0,1,520.0,1,0,1,1.0,1.0,1.0,0.0
658,36.0,1,1350.0,1,0,1,1.0,0.0,1.0,0.0
659,14.0,1,1184.75,1,0,1,1.0,0.0,0.0,0.0
660,14.0,1,980.0,1,0,1,1.0,1.0,0.0,0.0
661,16.0,0,150.0,1,0,1,1.0,0.0,0.0,0.0
662,56.0,1,920.0,1,0,1,1.0,0.0,1.0,0.0
663,42.0,1,1260.0,1,0,1,1.0,0.0,1.0,0.0
664,21.0,0,1010.0,1,0,1,1.0,0.0,0.0,0.0
665,25.0,0,970.0,1,0,1,1.0,1.0,1.0,0.0
666,29.0,1,0.0,1,0,1,1.0,1.0,1.0,0.0
667,48.0,0,500.0,1,0,1,1.0,0.0,1.0,0.0
668,18.0,0,230.0,1,0,1,1.0,0.0,1.0,0.0
669,16.0,0,1110.0,1,0,1,1.0,0.0,1.0,0.0
670,22.0,1,500.0,1,0,1,1.0,0.0,1.0,0.0
671,21.0,1,1360.0,1,0,1,1.0,0.0,1.0,0.0
672,50.0,0,590.0,1,0,1,1.0,1.0,0.0,0.0
673,43.0,1,500.0,1,0,1,1.0,0.0,1.0,0.0
674,41.0,0,920.0,1,0,1,1.0,1.0,1.0,0.0
675,39.0,1,1980.0,1,0,1,1.0,1.0,1.0,0.0
676,13.0,0,960.0,1,0,1,1.0,1.0,0.0,0.0
677,16.0,1,760.0,1,0,1,1.0,0.0,0.0,0.0
678,45.0,1,670.0,1,0,1,1.0,1.0,1.0,0.0
679,25.0,0,230.0,1,0,1,1.0,1.0,1.0,0.0
680,15.0,0,840.0,1,0,1,1.0,0.0,0.0,0.0
681,36.0,0,1170.0,1,0,1,1.0,1.0,1.0,0.0
682,13.0,1,720.0,1,0,1,1.0,0.0,0.0,0.0
683,27.0,0,990.0,1,0,1,1.0,1.0,1.0,0.0
684,30.0,0,230.0,1,0,1,1.0,0.0,1.0,0.0
685,16.0,0,1020.0,1,0,1,1.0,1.0,1.0,0.0
686,17.0,0,240.0,1,0,1,1.0,0.0,0.0,0.0
687,66.0,0,230.0,1,0,1,1.0,0.0,1.0,0.0
688,24.0,1,930.0,1,1,1,0.0,0.0,1.0,1.0
689,34.0,1,1260.0,1,1,1,0.0,0.0,1.0,1.0
690,77.0,0,560.0,1,1,1,0.0,1.0,0.0,1.0
691,59.0,1,1740.0,1,1,1,1.0,1.0,0.0,1.0
692,45.0,0,1070.0,1,1,1,0.0,0.0,1.0,1.0
693,35.0,0,780.0,1,1,1,0.0,0.0,1.0,1.0
694,38.0,0,830.0,1,1,1,1.0,0.0,1.0,1.0
695,35.0,0,870.0,1,1,1,0.0,0.0,1.0,1.0
696,26.0,0,665.0,1,1,1,0.0,1.0,1.0,1.0
697,24.0,1,810.0,1,1,1,0.0,0.0,1.0,1.0
698,29.0,1,880.0,1,1,1,1.0,0.0,1.0,1.0
699,26.0,0,880.0,1,1,1,0.0,0.0,1.0,1.0
700,49.0,0,780.0,1,1,1,0.0,1.0,1.0,1.0
701,59.0,0,780.0,1,1,1,0.0,0.0,1.0,1.0
702,50.0,0,550.0,1,1,1,0.0,0.0,1.0,1.0
703,40.0,1,440.0,1,1,1,1.0,0.0,1.0,1.0
704,47.0,0,940.0,1,1,1,1.0,0.0,1.0,1.0
705,16.0,0,1010.0,1,1,1,0.0,0.0,0.0,1.0
706,56.0,0,0.0,1,1,1,1.0,0.0,1.0,1.0
707,45.0,0,360.0,1,1,1,0.0,0.0,1.0,1.0
708,50.0,0,320.0,1,1,1,1.0,0.0,1.0,1.0
709,25.0,0,980.0,1,1,1,1.0,0.0,1.0,1.0
710,26.0,1,650.0,1,1,1,0.0,0.0,1.0,1.0
711,38.0,1,1210.0,1,1,1,0.0,0.0,1.0,1.0
712,27.0,0,450.0,1,1,1,0.0,0.0,1.0,1.0
713,29.0,0,1340.0,1,1,1,0.0,0.0,1.0,1.0
714,44.0,1,1230.0,1,1,1,0.0,0.0,1.0,1.0
715,42.0,0,915.0,1,1,1,0.0,1.0,1.0,1.0
716,38.0,0,1115.0,1,1,1,0.0,1.0,1.0,1.0
717,59.0,0,635.0,1,1,1,1.0,1.0,1.0,1.0
718,33.0,0,790.0,1,1,1,0.0,0.0,1.0,1.0
719,20.0,0,830.0,1,1,1,0.0,0.0,1.0,1.0
720,42.0,0,1290.0,1,1,1,0.0,0.0,1.0,1.0
721,31.0,0,780.0,1,1,1,0.0,0.0,1.0,1.0
722,23.0,0,1080.0,1,1,1,1.0,0.0,1.0,1.0
723,45.0,1,660.0,1,1,1,1.0,0.0,1.0,1.0
724,44.0,0,1040.0,1,1,1,1.0,1.0,1.0,1.0
725,29.0,1,450.0,1,1,1,0.0,0.0,1.0,1.0
726,24.0,0,770.0,1,1,1,1.0,0.0,1.0,1.0
727,46.0,0,1650.0,1,1,2,1.0,1.0,1.0,1.0
728,23.0,1,1710.0,1,1,1,1.0,0.0,1.0,1.0
729,20.0,1,1375.0,1,1,1,0.0,0.0,1.0,1.0
730,48.0,0,1715.0,1,1,3,0.0,1.0,1.0,1.0
731,27.0,1,670.0,1,1,1,0.0,0.0,1.0,1.0
732,13.0,0,575.0,1,1,1,0.0,0.0,0.0,1.0
733,36.0,0,810.0,1,1,1,0.0,1.0,1.0,1.0
734,65.0,0,590.0,1,1,1,0.0,0.0,1.0,1.0
735,35.0,0,1120.0,1,1,1,0.0,1.0,1.0,1.0
736,64.0,0,650.0,1,1,1,0.0,0.0,1.0,1.0
737,19.0,0,850.0,1,1,1,0.0,0.0,1.0,1.0
738,19.0,1,980.0,1,1,1,1.0,0.0,1.0,1.0
739,54.0,0,0.0,1,1,1,1.0,0.0,1.0,1.0
740,25.0,0,520.0,1,1,1,0.0,1.0,1.0,1.0
741,59.0,0,615.0,1,1,1,0.0,1.0,1.0,1.0
742,40.0,0,975.0,1,1,1,1.0,1.0,1.0,1.0
743,46.0,0,655.0,1,1,1,1.0,0.0,1.0,1.0
744,46.0,1,660.0,1,1,1,0.0,0.0,1.0,1.0
745,24.0,1,1610.0,1,1,1,0.0,0.0,1.0,1.0
746,46.0,0,1260.0,1,1,1,0.0,1.0,1.0,1.0
747,29.0,0,640.0,1,1,1,0.0,0.0,1.0,1.0
748,20.0,1,1280.0,1,0,1,1.0,0.0,1.0,1.0
749,25.0,1,460.0,1,0,1,1.0,0.0,1.0,1.0
750,20.0,1,1140.0,1,0,1,1.0,0.0,1.0,1.0
751,44.0,1,380.0,1,0,1,1.0,0.0,1.0,1.0
752,13.0,1,1180.0,1,0,1,1.0,0.0,0.0,1.0
753,18.0,0,1404.75,1,0,1,1.0,0.0,1.0,1.0
754,21.0,0,1090.0,1,0,1,1.0,1.0,1.0,1.0
755,57.0,0,230.0,1,0,1,1.0,1.0,1.0,1.0
756,27.0,0,670.0,1,0,1,1.0,1.0,1.0,1.0
757,16.0,1,600.0,1,0,1,1.0,0.0,0.0,1.0
758,18.0,0,1200.0,1,0,1,0.0,1.0,0.0,1.0
759,37.0,0,690.0,1,0,1,1.0,1.0,1.0,1.0
760,44.0,0,990.0,1,0,1,1.0,1.0,1.0,1.0
761,56.0,0,530.0,1,0,1,1.0,1.0,1.0,1.0
762,14.0,1,1120.0,1,0,1,1.0,0.0,0.0,1.0
763,16.0,0,980.0,1,0,1,1.0,0.0,0.0,1.0
764,50.0,0,1180.0,1,0,1,1.0,0.0,1.0,1.0
765,32.0,1,360.0,1,0,1,1.0,0.0,0.0,1.0
766,57.0,0,1170.0,1,0,1,1.0,1.0,1.0,1.0
767,31.0,0,1130.0,1,0,1,0.0,0.0,1.0,1.0
768,32.0,0,610.0,1,0,1,1.0,0.0,1.0,1.0
769,28.0,0,640.0,1,0,1,1.0,0.0,1.0,1.0
770,21.0,0,990.0,1,0,1,1.0,1.0,1.0,1.0
771,26.0,0,590.0,1,0,1,1.0,1.0,1.0,1.0
772,43.0,0,760.0,1,0,1,1.0,1.0,1.0,1.0
773,25.0,0,230.0,1,0,1,1.0,0.0,1.0,1.0
774,16.0,0,640.0,1,0,1,1.0,0.0,0.0,1.0
775,28.0,1,230.0,1,0,1,1.0,1.0,1.0,1.0
776,18.0,1,800.0,1,0,1,1.0,0.0,0.0,1.0
777,57.0,1,230.0,1,0,1,1.0,0.0,1.0,1.0
778,65.0,1,140.0,1,1,1,0.0,1.0,1.0,1.0
779,15.0,1,990.0,1,1,1,0.0,0.0,0.0,1.0
780,58.0,1,920.0,1,1,1,1.0,0.0,1.0,1.0
781,40.0,1,690.0,1,1,1,1.0,0.0,1.0,1.0
782,62.0,0,280.0,1,1,1,0.0,0.0,1.0,1.0
783,35.0,1,1210.0,1,1,1,0.0,0.0,0.0,1.0
784,38.0,1,560.0,1,1,1,1.0,0.0,1.0,1.0
785,17.0,0,420.0,1,1,1,1.0,1.0,1.0,1.0
786,74.0,1,990.0,1,1,1,0.0,0.0,0.0,1.0
787,53.0,0,860.0,1,1,1,1.0,1.0,1.0,1.0
788,54.0,0,1550.0,1,1,1,1.0,0.0,1.0,1.0
789,36.0,0,230.0,1,0,1,1.0,1.0,1.0,1.0
790,65.0,0,880.0,1,0,1,1.0,0.0,0.0,1.0
791,22.0,1,300.0,1,0,1,1.0,1.0,1.0,1.0
792,16.0,0,1515.0,1,0,1,1.0,1.0,0.0,1.0
793,40.0,0,865.0,1,0,1,1.0,1.0,1.0,1.0
794,43.0,1,35.0,1,0,1,1.0,0.0,0.0,1.0
795,29.0,1,1400.0,1,0,1,0.0,0.0,1.0,1.0
796,15.0,0,150.0,1,0,1,0.0,0.0,0.0,1.0
797,73.0,0,880.0,1,0,1,1.0,1.0,0.0,1.0
798,14.0,0,300.0,1,0,1,1.0,0.0,0.0,1.0
799,21.0,0,150.0,1,0,1,1.0,0.0,1.0,1.0
800,28.0,1,590.0,1,0,1,0.0,0.0,1.0,1.0
801,34.0,0,230.0,1,0,1,1.0,1.0,1.0,1.0
802,55.0,0,970.0,1,0,1,1.0,1.0,1.0,1.0
803,51.0,1,1510.0,1,0,3,1.0,1.0,1.0,1.0
804,41.0,1,1090.0,1,0,1,1.0,0.0,0.0,1.0
805,21.0,0,380.0,1,0,1,1.0,0.0,0.0,1.0
806,56.0,0,420.0,1,0,1,0.0,1.0,1.0,1.0
807,16.0,0,780.0,1,0,1,1.0,0.0,0.0,1.0
808,14.0,1,1490.0,1,0,1,1.0,0.0,0.0,1.0
809,44.0,0,530.0,1,0,1,1.0,1.0,0.0,1.0
810,27.0,0,1140.0,1,0,1,1.0,1.0,1.0,1.0
811,25.0,1,230.0,1,0,1,1.0,0.0,0.0,1.0
812,63.0,0,330.0,1,0,1,1.0,0.0,0.0,1.0
813,44.0,0,1010.0,1,0,1,1.0,1.0,1.0,1.0
814,68.0,0,1310.0,1,0,1,1.0,0.0,1.0,1.0
815,36.0,0,1330.0,1,0,1,1.0,0.0,1.0,1.0
816,30.0,0,570.0,1,0,1,1.0,0.0,1.0,1.0
817,44.0,0,560.0,1,0,1,1.0,1.0,1.0,1.0
818,20.0,0,1270.0,1,0,1,1.0,1.0,1.0,1.0
819,31.0,0,960.0,1,0,1,1.0,1.0,0.0,1.0
820,33.0,1,1310.0,1,0,1,1.0,0.0,1.0,1.0
821,14.0,1,230.0,1,0,1,1.0,0.0,0.0,1.0
822,65.0,1,1230.0,1,0,1,1.0,0.0,1.0,1.0
823,21.0,0,1075.0,1,0,1,1.0,1.0,0.0,1.0
824,42.0,0,670.0,1,0,1,1.0,1.0,1.0,1.0
825,21.0,0,540.0,1,0,1,0.0,0.0,1.0,1.0
826,31.0,1,945.0,1,0,1,1.0,0.0,1.0,1.0
827,24.0,0,850.0,1,0,1,1.0,0.0,1.0,1.0
828,21.0,0,1130.0,1,0,1,1.0,0.0,1.0,1.0
829,27.0,0,0.0,1,0,1,1.0,1.0,1.0,1.0
830,34.0,0,480.0,1,0,1,1.0,1.0,0.0,1.0
831,24.0,1,740.0,1,0,1,0.0,0.0,0.0,1.0
832,45.0,0,970.0,1,0,1,0.0,1.0,0.0,1.0
833,15.0,1,1380.0,1,0,1,0.0,1.0,0.0,1.0
834,55.0,0,0.0,1,0,1,1.0,1.0,0.0,1.0
835,27.0,0,370.0,1,0,1,1.0,0.0,0.0,1.0
836,23.0,0,300.0,1,0,1,1.0,0.0,1.0,1.0
837,30.0,0,1190.0,1,0,1,1.0,1.0,1.0,1.0
838,16.0,1,1220.0,1,0,1,1.0,0.0,0.0,1.0
839,29.0,1,920.0,1,0,1,0.0,0.0,1.0,1.0
840,18.0,0,930.0,1,0,1,1.0,0.0,1.0,1.0
841,45.0,0,1400.0,1,1,1,1.0,0.0,1.0,1.0
842,42.0,0,800.0,1,1,1,0.0,0.0,1.0,1.0
843,33.0,1,870.0,1,1,1,0.0,0.0,1.0,1.0
844,43.0,1,760.0,1,1,1,1.0,0.0,1.0,1.0
845,54.0,0,925.0,1,1,1,1.0,1.0,1.0,1.0
846,13.0,1,946.5,1,1,1,1.0,0.0,0.0,1.0
847,56.0,0,1130.0,1,1,1,1.0,1.0,1.0,1.0
848,44.0,1,540.0,1,1,1,0.0,0.0,1.0,1.0
849,50.0,1,1130.0,1,1,1,1.0,0.0,1.0,1.0
850,19.0,1,360.0,1,1,1,1.0,0.0,1.0,1.0
851,40.0,0,900.0,1,1,1,0.0,1.0,1.0,1.0
852,41.0,1,670.0,1,1,1,0.0,0.0,1.0,1.0
853,40.0,1,906.5,1,1,1,1.0,1.0,1.0,1.0
854,19.0,1,880.0,1,1,1,1.0,0.0,1.0,1.0
855,18.0,0,300.0,1,1,1,0.0,1.0,1.0,1.0
856,64.0,1,1010.0,1,1,2,0.0,1.0,0.0,1.0
857,68.0,0,300.0,1,1,1,1.0,0.0,1.0,1.0
858,37.0,0,1350.0,1,1,2,1.0,0.0,1.0,1.0
859,32.0,0,400.0,1,1,1,1.0,1.0,1.0,1.0
860,43.0,0,1350.0,1,1,1,1.0,0.0,0.0,1.0
861,14.0,0,1170.0,1,1,1,0.0,0.0,0.0,1.0
862,39.0,1,1300.0,1,1,1,1.0,0.0,1.0,1.0
863,21.0,0,940.0,1,1,1,0.0,0.0,1.0,1.0
864,49.0,0,230.0,1,1,1,1.0,0.0,1.0,1.0
865,26.0,0,3270.0,1,1,3,1.0,1.0,1.0,1.0
866,39.0,0,1650.0,1,1,2,1.0,0.0,1.0,1.0
867,50.0,0,450.0,1,1,1,1.0,1.0,1.0,1.0
868,22.0,0,120.0,1,1,1,0.0,0.0,1.0,1.0
869,39.0,0,570.0,1,1,1,1.0,1.0,1.0,1.0
870,19.0,0,926.5,1,1,1,1.0,0.0,1.0,1.0
871,22.0,1,1020.0,1,1,1,1.0,0.0,1.0,1.0
872,25.0,1,450.0,1,1,1,1.0,0.0,1.0,1.0
873,63.0,0,360.0,1,1,1,0.0,0.0,1.0,1.0
874,47.0,1,2410.0,1,1,1,1.0,0.0,1.0,1.0
875,20.0,1,800.0,1,1,1,1.0,0.0,0.0,1.0
876,26.0,1,1080.0,1,1,1,1.0,0.0,1.0,1.0
877,50.0,0,400.0,1,1,1,1.0,0.0,1.0,1.0
878,41.0,0,630.0,1,1,1,1.0,0.0,1.0,1.0
879,29.0,0,2260.0,1,1,1,0.0,0.0,1.0,1.0
880,53.0,0,1100.0,1,1,2,1.0,0.0,1.0,1.0
881,23.0,1,720.0,1,1,1,1.0,0.0,1.0,1.0
882,37.0,0,710.0,1,1,1,0.0,0.0,1.0,1.0
883,18.0,1,630.0,1,1,2,1.0,0.0,0.0,1.0
884,33.0,0,756.5,1,1,2,1.0,0.0,1.0,1.0
885,19.0,0,1040.0,1,1,1,1.0,0.0,1.0,1.0
886,49.0,0,2600.0,1,1,2,0.0,1.0,1.0,1.0
887,48.0,0,610.0,1,1,1,1.0,0.0,1.0,1.0
888,25.0,0,1130.0,1,1,1,1.0,0.0,1.0,1.0
889,50.0,1,150.0,1,0,1,0.0,0.0,1.0,1.0
890,19.0,0,1380.0,1,0,1,0.0,1.0,1.0,1.0
891,33.0,0,330.0,1,0,1,0.0,1.0,1.0,1.0
892,25.0,0,980.0,1,0,1,0.0,1.0,1.0,1.0
893,49.0,0,395.0,1,0,1,0.0,1.0,1.0,1.0
894,15.0,0,310.0,1,0,1,0.0,1.0,0.0,1.0
895,31.0,0,160.0,1,0,1,0.0,0.0,1.0,1.0
896,17.0,1,150.0,1,0,1,0.0,0.0,0.0,1.0
897,17.0,1,2100.0,1,0,1,0.0,0.0,0.0,1.0
898,13.0,1,740.0,1,0,1,0.0,0.0,0.0,1.0
899,19.0,0,280.0,1,0,1,0.0,0.0,1.0,1.0
900,29.0,0,590.0,1,0,1,0.0,0.0,0.0,1.0
901,13.0,0,1200.0,1,0,1,0.0,0.0,0.0,1.0
902,14.0,0,830.0,1,0,1,0.0,0.0,0.0,1.0
903,17.0,1,1130.0,1,0,1,0.0,0.0,0.0,1.0
904,18.0,0,830.0,1,0,1,0.0,1.0,1.0,1.0
905,19.0,0,1540.0,1,0,3,0.0,0.0,1.0,1.0
906,55.0,1,240.0,1,0,1,1.0,1.0,0.0,1.0
907,14.0,0,880.0,1,0,1,0.0,1.0,0.0,1.0
908,20.0,1,1190.0,1,0,1,0.0,1.0,1.0,1.0
909,40.0,0,230.0,1,0,1,0.0,0.0,1.0,1.0
910,20.0,1,1140.0,1,0,1,0.0,0.0,1.0,1.0
911,33.0,1,550.0,1,0,1,1.0,1.0,1.0,1.0
912,34.0,0,840.0,1,0,1,0.0,0.0,1.0,1.0
913,20.0,0,1230.0,1,0,1,0.0,1.0,1.0,1.0
914,36.0,0,550.0,1,0,1,0.0,0.0,1.0,1.0
915,21.0,0,890.0,1,0,1,0.0,0.0,1.0,1.0
916,65.0,0,580.0,1,0,1,1.0,1.0,0.0,1.0
917,27.0,0,1130.0,1,0,1,0.0,1.0,0.0,1.0
918,17.0,1,810.0,1,0,1,1.0,0.0,1.0,1.0
919,21.0,1,510.0,1,0,1,1.0,0.0,1.0,1.0
920,17.0,0,540.0,1,0,1,0.0,0.0,1.0,1.0
921,45.0,0,310.0,1,1,1,1.0,0.0,0.0,0.0
922,41.0,1,320.0,1,1,1,1.0,0.0,1.0,0.0
923,45.0,0,410.0,1,1,1,1.0,0.0,1.0,0.0
924,46.0,1,955.0,1,1,1,1.0,1.0,1.0,0.0
925,29.0,0,1030.0,1,1,1,1.0,0.0,1.0,0.0
926,19.0,0,960.0,1,1,1,1.0,0.0,1.0,0.0
927,49.0,0,765.0,1,1,1,1.0,0.0,1.0,0.0
928,41.0,1,310.0,1,1,1,1.0,0.0,1.0,0.0
929,52.0,1,380.0,1,1,1,1.0,0.0,0.0,0.0
930,19.0,1,160.0,1,1,1,1.0,0.0,1.0,0.0
931,17.0,1,615.0,1,1,1,1.0,0.0,0.0,0.0
932,46.0,0,1340.0,1,1,1,1.0,0.0,1.0,0.0
933,30.0,0,670.0,1,1,1,0.0,0.0,1.0,0.0
934,29.0,0,980.0,1,1,1,0.0,0.0,1.0,0.0
935,39.0,0,2060.0,1,1,1,1.0,0.0,1.0,0.0
936,60.0,0,320.0,1,1,1,1.0,0.0,1.0,0.0
937,16.0,1,1240.0,1,1,1,1.0,1.0,0.0,0.0
938,14.0,1,650.0,1,1,1,1.0,0.0,0.0,0.0
939,57.0,1,320.0,1,1,1,1.0,0.0,0.0,0.0
940,28.0,0,330.0,1,1,1,0.0,1.0,1.0,0.0
941,78.0,0,450.0,1,1,1,1.0,0.0,1.0,0.0
942,23.0,0,1080.0,1,1,1,1.0,1.0,1.0,0.0
943,20.0,0,1660.0,1,1,1,1.0,1.0,1.0,0.0
944,29.0,1,1120.0,1,1,1,0.0,0.0,1.0,0.0
945,30.0,0,720.0,1,1,1,1.0,1.0,1.0,0.0
946,45.0,0,770.0,1,1,1,1.0,1.0,1.0,0.0
947,20.0,0,910.0,1,1,1,1.0,1.0,1.0,0.0
948,28.0,1,260.0,1,1,1,1.0,0.0,1.0,0.0
949,47.0,1,410.0,1,0,1,1.0,0.0,1.0,0.0
950,23.0,0,760.0,1,0,1,1.0,0.0,1.0,0.0
951,45.0,0,910.0,1,0,1,1.0,0.0,0.0,0.0
952,29.0,1,470.0,1,0,1,1.0,0.0,0.0,0.0
953,45.0,1,510.0,1,0,1,1.0,1.0,0.0,0.0
954,25.0,0,680.0,1,0,1,1.0,0.0,1.0,0.0
955,38.0,1,1290.0,1,0,1,0.0,0.0,1.0,0.0
956,35.0,1,530.0,1,0,1,1.0,0.0,1.0,0.0
957,15.0,0,1184.75,1,0,1,1.0,0.0,0.0,0.0
958,32.0,0,500.0,1,0,1,1.0,1.0,1.0,0.0
959,29.0,0,530.0,1,0,1,1.0,0.0,1.0,0.0
960,45.0,1,1580.0,1,0,1,1.0,0.0,0.0,0.0
961,56.0,0,560.0,1,0,1,1.0,0.0,1.0,0.0
962,15.0,0,660.0,1,0,1,1.0,1.0,0.0,0.0
963,15.0,0,460.0,1,0,1,1.0,1.0,1.0,0.0
964,20.0,1,600.0,1,0,1,1.0,0.0,1.0,0.0
965,52.0,0,590.0,1,0,1,1.0,0.0,1.0,0.0
966,14.0,0,380.0,1,0,1,0.0,0.0,0.0,0.0
967,37.0,1,230.0,1,0,1,1.0,0.0,1.0,0.0
968,48.0,1,530.0,1,0,1,1.0,0.0,1.0,0.0
969,44.0,0,820.0,1,0,1,1.0,1.0,0.0,0.0
970,40.0,0,200.0,1,0,1,1.0,1.0,1.0,0.0
971,41.0,1,550.0,1,0,1,1.0,0.0,0.0,0.0
972,44.0,1,1110.0,1,0,1,1.0,0.0,1.0,0.0
973,29.0,0,470.0,1,0,1,1.0,0.0,1.0,0.0
974,34.0,0,0.0,1,0,1,1.0,0.0,1.0,0.0
975,38.0,0,0.0,1,0,1,1.0,0.0,1.0,0.0
976,45.0,1,290.0,1,0,1,1.0,1.0,0.0,0.0
977,49.0,1,1940.0,1,0,1,1.0,0.0,1.0,0.0
978,21.0,0,150.0,1,0,1,0.0,0.0,1.0,0.0
979,38.0,1,500.0,1,0,1,1.0,0.0,1.0,0.0
980,35.0,0,1560.0,1,1,1,1.0,0.0,1.0,1.0
981,60.0,0,1490.0,1,1,1,1.0,1.0,1.0,1.0
982,26.0,0,340.0,1,1,1,1.0,0.0,1.0,1.0
983,47.0,1,1330.0,1,1,1,1.0,0.0,1.0,1.0
984,52.0,0,480.0,1,1,1,1.0,0.0,1.0,1.0
985,43.0,0,570.0,1,1,1,1.0,1.0,1.0,1.0
986,38.0,0,590.0,1,1,1,0.0,1.0,1.0,1.0
987,27.0,1,826.0,1,1,1,0.0,0.0,1.0,1.0
988,32.0,1,680.0,1,1,1,1.0,1.0,1.0,1.0
989,31.0,0,910.0,1,1,1,0.0,1.0,0.0,1.0
990,20.0,0,585.0,1,1,1,0.0,0.0,1.0,1.0
991,27.0,0,940.0,1,1,1,1.0,1.0,1.0,1.0
992,39.0,0,1060.0,1,1,1,1.0,0.0,1.0,1.0
993,40.0,0,320.0,1,1,1,0.0,1.0,1.0,1.0
994,43.0,1,805.0,1,1,1,0.0,0.0,1.0,1.0
995,36.0,0,1030.0,1,1,1,0.0,1.0,1.0,1.0
996,21.0,0,460.0,1,1,1,1.0,0.0,1.0,1.0
997,19.0,0,1240.0,1,1,2,0.0,0.0,1.0,1.0
998,17.0,1,1698.0,1,1,1,1.0,0.0,0.0,1.0
999,35.0,0,1865.0,1,1,1,1.0,0.0,1.0,1.0
1000,47.0,0,550.0,1,1,1,1.0,0.0,1.0,1.0
1001,39.0,0,955.0,1,1,2,1.0,1.0,1.0,1.0
1002,28.0,0,650.0,1,1,1,1.0,0.0,0.0,1.0
1003,23.0,0,1010.0,1,1,1,1.0,0.0,1.0,1.0
1004,41.0,1,1550.0,1,0,1,1.0,0.0,1.0,1.0
1005,21.0,0,780.0,1,0,1,0.0,0.0,1.0,1.0
1006,27.0,0,600.0,1,0,1,1.0,0.0,1.0,1.0
1007,14.0,1,440.0,1,0,1,1.0,0.0,0.0,1.0
1008,56.0,0,150.0,1,0,1,1.0,1.0,0.0,1.0
1009,41.0,0,900.0,1,0,1,0.0,1.0,1.0,1.0
1010,13.0,0,1630.0,1,0,1,1.0,1.0,0.0,1.0
1011,16.0,1,820.0,1,0,1,0.0,0.0,0.0,1.0
1012,40.0,0,990.0,1,0,1,1.0,1.0,1.0,1.0
1013,18.0,0,1580.0,1,0,1,1.0,0.0,1.0,1.0
1014,18.0,1,980.0,1,0,1,1.0,0.0,1.0,1.0
1015,21.0,0,300.0,1,0,1,1.0,0.0,1.0,1.0
1016,17.0,0,1020.0,1,0,1,1.0,0.0,0.0,1.0
1017,28.0,1,420.0,1,0,1,0.0,0.0,1.0,1.0
1018,49.0,0,1640.0,1,0,2,0.0,0.0,1.0,1.0
1019,21.0,0,740.0,1,0,1,1.0,0.0,1.0,1.0
1020,33.0,0,1095.0,1,0,1,0.0,0.0,1.0,1.0
1021,50.0,0,970.0,1,0,1,1.0,1.0,1.0,1.0
1022,16.0,0,1050.0,1,0,1,1.0,0.0,0.0,1.0
1023,21.0,0,240.0,1,0,1,1.0,0.0,1.0,1.0
1024,22.0,0,315.0,1,0,1,1.0,0.0,1.0,1.0
1025,40.0,1,150.0,1,0,1,1.0,0.0,1.0,1.0
1026,24.0,1,940.0,1,0,1,0.0,1.0,1.0,1.0
1027,33.0,0,330.0,1,0,1,1.0,0.0,1.0,1.0
1028,13.0,1,1190.0,1,0,1,1.0,0.0,0.0,1.0
1029,19.0,0,1130.0,1,0,1,1.0,0.0,1.0,1.0
1030,16.0,0,910.0,1,0,1,1.0,0.0,0.0,1.0
1031,40.0,1,1390.0,1,0,1,1.0,1.0,1.0,1.0
1032,38.0,0,240.0,1,0,1,1.0,1.0,1.0,1.0
1033,30.0,0,1510.0,1,0,1,1.0,0.0,1.0,1.0
1034,22.0,1,1500.0,1,0,1,0.0,0.0,1.0,1.0
1035,18.0,1,1550.0,1,0,1,1.0,0.0,1.0,1.0
1036,17.0,1,740.0,1,0,1,1.0,0.0,1.0,1.0
1037,32.0,0,470.0,1,0,1,0.0,1.0,1.0,1.0
1038,47.0,0,0.0,1,0,1,1.0,1.0,1.0,1.0
1039,48.0,0,245.0,1,0,1,1.0,1.0,1.0,1.0
1040,40.0,1,440.0,1,0,1,1.0,0.0,1.0,1.0
1041,18.0,0,1660.0,1,0,1,1.0,1.0,1.0,1.0
1042,24.0,0,980.0,1,0,1,1.0,0.0,1.0,1.0
1043,54.0,0,265.0,1,0,1,1.0,1.0,1.0,1.0
1044,14.0,1,950.0,1,0,1,1.0,0.0,0.0,1.0
1045,14.0,0,720.0,1,0,1,1.0,0.0,0.0,1.0
1046,21.0,0,860.0,1,0,1,1.0,0.0,1.0,1.0
1047,46.0,1,550.0,1,1,1,0.0,1.0,1.0,1.0
1048,88.0,0,750.0,1,1,1,1.0,0.0,1.0,1.0
1049,31.0,0,750.0,1,1,1,0.0,0.0,1.0,1.0
1050,55.0,0,400.0,1,1,1,1.0,1.0,1.0,1.0
1051,86.0,0,600.0,1,1,1,1.0,1.0,1.0,1.0
1052,38.0,0,210.0,1,1,1,1.0,0.0,1.0,1.0
1053,36.0,0,1160.0,1,1,1,1.0,1.0,1.0,1.0
1054,54.0,1,870.0,1,1,1,1.0,1.0,1.0,1.0
1055,50.0,0,3700.0,1,1,1,1.0,1.0,0.0,1.0
1056,52.0,1,210.0,1,1,1,1.0,0.0,1.0,1.0
1057,50.0,1,640.0,1,1,1,1.0,0.0,1.0,1.0
1058,38.0,0,990.0,1,1,1,0.0,0.0,1.0,1.0
1059,48.0,0,460.0,1,1,1,1.0,1.0,1.0,1.0
1060,36.0,1,650.0,1,1,1,1.0,1.0,1.0,1.0
1061,74.0,0,750.0,1,1,1,1.0,0.0,0.0,1.0
1062,67.0,0,750.0,1,1,1,1.0,1.0,1.0,1.0
1063,44.0,1,400.0,1,1,1,0.0,0.0,1.0,1.0
1064,47.0,1,750.0,1,1,1,0.0,0.0,1.0,1.0
1065,55.0,0,300.0,1,1,1,0.0,0.0,1.0,1.0
1066,45.0,0,400.0,1,1,1,1.0,1.0,1.0,1.0
1067,24.0,0,780.0,1,1,1,1.0,0.0,1.0,1.0
1068,25.0,1,1290.0,1,1,1,1.0,0.0,1.0,1.0
1069,81.0,1,870.0,1,1,1,1.0,1.0,0.0,1.0
1070,42.0,0,400.0,1,1,1,0.0,0.0,1.0,1.0
1071,52.0,1,870.0,1,1,1,1.0,0.0,1.0,1.0
1072,40.0,0,650.0,1,1,1,0.0,0.0,0.0,1.0
1073,37.0,1,850.0,1,1,1,1.0,0.0,1.0,1.0
1074,36.0,1,400.0,1,1,1,1.0,0.0,1.0,1.0
1075,34.0,1,610.0,1,1,1,1.0,0.0,1.0,1.0
1076,20.0,0,1460.0,1,1,1,1.0,0.0,1.0,1.0
1077,42.0,1,540.0,1,1,1,1.0,0.0,1.0,1.0
1078,14.0,1,1280.0,1,1,1,1.0,0.0,0.0,1.0
1079,44.0,1,570.0,1,1,1,1.0,0.0,1.0,1.0
1080,71.0,1,870.0,1,1,1,1.0,1.0,0.0,1.0
1081,35.0,0,725.0,1,1,1,1.0,0.0,0.0,1.0
1082,55.0,0,850.0,1,1,1,1.0,1.0,1.0,1.0
1083,23.0,1,1190.0,1,1,1,1.0,0.0,1.0,1.0
1084,15.0,1,960.0,1,1,1,1.0,0.0,0.0,1.0
1085,82.0,1,740.0,1,1,1,1.0,0.0,0.0,1.0
1086,65.0,0,0.0,1,1,1,1.0,0.0,0.0,1.0
1087,33.0,0,1555.0,1,1,1,1.0,0.0,1.0,1.0
1088,45.0,0,980.0,1,1,1,0.0,0.0,1.0,1.0
1089,49.0,0,15.0,1,1,1,1.0,0.0,1.0,1.0
1090,44.0,0,570.0,1,1,1,1.0,0.0,1.0,1.0
1091,20.0,0,700.0,1,1,1,1.0,0.0,1.0,1.0
1092,33.0,0,750.0,1,1,1,1.0,0.0,1.0,1.0
1093,36.0,1,360.0,1,1,1,1.0,1.0,1.0,1.0
1094,49.0,1,1090.0,1,1,1,1.0,0.0,1.0,1.0
1095,13.0,1,880.0,1,1,1,1.0,0.0,0.0,1.0
1096,27.0,1,1640.0,1,1,1,1.0,0.0,1.0,1.0
1097,24.0,0,1200.0,1,1,1,1.0,1.0,1.0,1.0
1098,50.0,1,1000.0,1,1,1,1.0,0.0,1.0,1.0
1099,67.0,0,830.0,1,1,1,1.0,1.0,1.0,1.0
1100,56.0,0,1210.0,1,1,1,1.0,1.0,1.0,1.0
1101,39.0,1,1000.0,1,1,1,1.0,0.0,1.0,1.0
1102,25.0,1,1540.0,1,1,1,1.0,0.0,1.0,1.0
1103,57.0,1,1050.0,1,1,1,0.0,0.0,1.0,1.0
1104,24.0,0,215.0,1,1,1,1.0,0.0,1.0,1.0
1105,23.0,1,1710.0,1,1,1,1.0,0.0,1.0,1.0
1106,19.0,1,1190.0,1,1,1,0.0,0.0,1.0,1.0
1107,16.0,0,190.0,1,1,1,0.0,0.0,0.0,1.0
1108,39.0,0,0.0,1,1,1,0.0,0.0,1.0,1.0
1109,51.0,1,1300.0,1,1,1,1.0,0.0,1.0,1.0
1110,27.0,1,960.0,1,1,1,1.0,0.0,0.0,1.0
1111,29.0,1,30.0,1,1,1,1.0,0.0,1.0,1.0
1112,51.0,1,740.0,1,1,1,1.0,0.0,1.0,1.0
1113,18.0,0,1180.0,1,1,1,0.0,0.0,1.0,1.0
1114,16.0,0,1340.0,1,1,1,1.0,0.0,0.0,1.0
1115,58.0,1,425.0,1,1,1,1.0,0.0,1.0,1.0
1116,58.0,0,340.0,1,1,1,1.0,0.0,0.0,1.0
1117,56.0,1,480.0,1,1,1,1.0,1.0,1.0,1.0
1118,44.0,1,135.0,1,1,1,1.0,0.0,1.0,1.0
1119,50.0,0,360.0,1,1,1,1.0,0.0,1.0,1.0
1120,42.0,0,1340.0,1,1,1,1.0,0.0,1.0,1.0
1121,23.0,0,1470.0,1,1,1,1.0,0.0,1.0,1.0
1122,28.0,0,1210.0,1,1,1,0.0,0.0,1.0,1.0
1123,42.0,0,1660.0,1,1,1,1.0,0.0,1.0,1.0
1124,22.0,0,840.0,1,1,1,0.0,1.0,1.0,1.0
1125,47.0,1,1200.0,1,1,1,1.0,0.0,1.0,1.0
1126,61.0,0,2280.0,1,1,1,0.0,1.0,1.0,1.0
1127,58.0,0,380.0,1,1,1,1.0,0.0,1.0,1.0
1128,44.0,0,150.0,1,0,1,0.0,1.0,1.0,1.0
1129,20.0,1,880.0,1,0,1,0.0,0.0,1.0,1.0
1130,26.0,0,510.0,1,0,1,0.0,1.0,0.0,1.0
1131,40.0,0,450.0,1,0,1,0.0,1.0,1.0,1.0
1132,19.0,0,340.0,1,0,1,0.0,0.0,1.0,1.0
1133,20.0,0,230.0,1,0,1,0.0,1.0,0.0,1.0
1134,17.0,1,330.0,1,0,1,0.0,0.0,1.0,1.0
1135,37.0,0,190.0,1,0,1,1.0,0.0,1.0,1.0
1136,16.0,1,630.0,1,0,1,0.0,0.0,0.0,1.0
1137,29.0,0,0.0,1,0,1,0.0,1.0,1.0,1.0
1138,34.0,1,270.0,1,0,1,0.0,0.0,1.0,1.0
1139,16.0,1,1690.0,1,0,1,0.0,0.0,0.0,1.0
1140,31.0,0,0.0,1,0,1,0.0,1.0,1.0,1.0
1141,17.0,1,400.0,1,0,1,0.0,0.0,0.0,1.0
1142,15.0,0,802.5,1,0,1,0.0,0.0,0.0,1.0
1143,17.0,1,230.0,1,0,1,0.0,0.0,0.0,1.0
1144,80.0,1,260.0,1,0,1,0.0,0.0,1.0,1.0
1145,38.0,1,1020.0,1,1,1,1.0,1.0,1.0,0.0
1146,27.0,0,370.0,1,1,1,1.0,1.0,1.0,0.0
1147,35.0,0,815.0,1,1,1,1.0,1.0,1.0,0.0
1148,32.0,0,360.0,1,1,1,1.0,1.0,1.0,0.0
1149,42.0,0,680.0,1,1,1,0.0,0.0,0.0,0.0
1150,22.0,0,695.0,1,1,1,1.0,0.0,1.0,0.0
1151,32.0,0,40.0,1,1,1,0.0,0.0,1.0,0.0
1152,36.0,0,680.0,1,1,1,1.0,1.0,1.0,0.0
1153,42.0,0,780.0,1,1,1,0.0,0.0,0.0,0.0
1154,25.0,0,420.0,1,1,1,1.0,1.0,1.0,0.0
1155,25.0,0,500.0,1,1,1,0.0,0.0,1.0,0.0
1156,39.0,0,480.0,1,1,1,1.0,1.0,1.0,0.0
1157,42.0,1,1330.0,1,1,1,1.0,1.0,1.0,0.0
1158,33.0,0,570.0,1,1,1,1.0,0.0,1.0,0.0
1159,41.0,1,1070.0,1,1,1,1.0,0.0,1.0,0.0
1160,32.0,1,1640.0,1,1,1,0.0,1.0,1.0,0.0
1161,30.0,0,910.0,1,1,1,1.0,0.0,1.0,0.0
1162,20.0,0,590.0,1,1,1,0.0,1.0,1.0,0.0
1163,27.0,0,1520.0,1,1,1,1.0,1.0,1.0,0.0
1164,39.0,1,1790.0,1,1,1,1.0,1.0,1.0,0.0
1165,57.0,1,580.0,1,1,1,0.0,1.0,1.0,0.0
1166,43.0,1,1420.0,1,1,1,1.0,0.0,1.0,0.0
1167,20.0,0,580.0,1,1,1,1.0,1.0,1.0,0.0
1168,41.0,0,360.0,1,1,1,0.0,0.0,1.0,0.0
1169,29.0,1,1030.0,1,1,1,1.0,1.0,1.0,0.0
1170,26.0,0,420.0,1,1,1,1.0,0.0,1.0,0.0
1171,47.0,0,850.0,1,1,1,1.0,0.0,1.0,0.0
1172,21.0,1,2295.0,1,1,1,1.0,0.0,1.0,0.0
1173,22.0,1,1240.0,1,1,1,1.0,1.0,1.0,0.0
1174,44.0,1,1190.0,1,1,1,0.0,0.0,1.0,0.0
1175,24.0,0,1160.0,1,1,1,1.0,1.0,1.0,0.0
1176,55.0,0,320.0,1,1,1,1.0,0.0,1.0,0.0
1177,33.0,0,710.0,1,1,1,0.0,1.0,0.0,0.0
1178,45.0,0,960.0,1,1,1,1.0,1.0,1.0,0.0
1179,31.0,0,650.0,1,1,1,1.0,0.0,1.0,0.0
1180,36.0,1,740.0,1,1,1,1.0,0.0,1.0,0.0
1181,37.0,0,1610.0,1,1,1,1.0,0.0,1.0,0.0
1182,46.0,0,1520.0,1,1,1,1.0,1.0,1.0,0.0
1183,36.0,1,135.0,1,1,1,1.0,1.0,0.0,0.0
1184,22.0,1,600.0,1,1,1,1.0,0.0,1.0,0.0
1185,64.0,1,1740.0,1,1,1,1.0,0.0,0.0,0.0
1186,18.0,1,930.0,1,1,1,1.0,0.0,0.0,0.0
1187,40.0,0,1340.0,1,1,1,1.0,0.0,0.0,0.0
1188,37.0,1,1290.0,1,1,1,1.0,0.0,1.0,0.0
1189,26.0,0,1110.0,1,1,1,1.0,0.0,1.0,0.0
1190,39.0,1,1210.0,1,1,1,0.0,0.0,1.0,0.0
1191,26.0,1,1130.0,1,1,1,0.0,0.0,0.0,0.0
1192,15.0,0,1270.0,1,1,1,1.0,0.0,0.0,1.0
1193,24.0,0,390.0,1,1,1,0.0,0.0,1.0,1.0
1194,18.0,0,1080.0,1,1,1,0.0,1.0,1.0,1.0
1195,28.0,1,1370.0,1,1,1,0.0,0.0,1.0,1.0
1196,43.0,1,1250.0,1,1,1,1.0,0.0,1.0,1.0
1197,58.0,0,825.0,1,1,1,0.0,1.0,1.0,1.0
1198,51.0,0,355.0,1,1,1,1.0,0.0,0.0,1.0
1199,38.0,0,570.0,1,1,1,0.0,1.0,0.0,1.0
1200,19.0,1,1470.0,1,1,1,0.0,0.0,1.0,1.0
1201,19.0,1,650.0,1,1,1,0.0,0.0,1.0,1.0
1202,27.0,1,1170.0,1,1,1,0.0,0.0,1.0,1.0
1203,13.0,1,725.0,1,1,1,0.0,0.0,1.0,1.0
1204,70.0,0,1160.0,1,1,1,1.0,1.0,1.0,1.0
1205,50.0,0,1350.0,1,1,1,0.0,0.0,0.0,1.0
1206,39.0,1,1100.0,1,1,1,0.0,0.0,1.0,1.0
1207,17.0,1,650.0,1,1,1,0.0,0.0,0.0,1.0
1208,22.0,0,1180.0,1,1,1,0.0,0.0,0.0,1.0
1209,62.0,0,880.0,1,1,1,1.0,0.0,1.0,1.0
1210,42.0,0,1170.0,1,1,1,0.0,1.0,1.0,1.0
1211,49.0,1,1660.0,1,1,1,1.0,0.0,1.0,1.0
1212,14.0,1,1225.0,1,1,1,0.0,0.0,0.0,1.0
1213,30.0,1,600.0,1,1,1,0.0,0.0,0.0,1.0
1214,48.0,0,1690.0,1,1,1,0.0,0.0,1.0,1.0
1215,44.0,1,1070.0,1,1,1,0.0,1.0,1.0,1.0
1216,25.0,0,725.0,1,1,1,0.0,1.0,1.0,1.0
1217,17.0,0,1010.0,1,1,1,0.0,0.0,0.0,1.0
1218,29.0,1,1030.0,1,1,1,0.0,0.0,0.0,1.0
1219,52.0,1,640.0,1,1,1,1.0,0.0,1.0,1.0
1220,25.0,0,660.0,1,1,1,0.0,0.0,1.0,1.0
1221,58.0,1,740.0,1,1,1,1.0,0.0,1.0,1.0
1222,70.0,0,1330.0,1,1,1,0.0,0.0,1.0,1.0
1223,30.0,1,1450.0,1,1,1,0.0,0.0,1.0,1.0
1224,54.0,1,770.0,1,1,1,1.0,0.0,1.0,1.0
1225,19.0,0,570.0,1,1,1,1.0,0.0,1.0,1.0
1226,51.0,1,1890.0,1,1,1,1.0,0.0,1.0,1.0
1227,42.0,0,990.0,1,1,1,1.0,0.0,1.0,1.0
1228,18.0,1,825.0,1,1,1,1.0,1.0,1.0,1.0
1229,16.0,1,1460.0,1,1,1,1.0,1.0,0.0,1.0
1230,50.0,0,780.0,1,1,1,0.0,0.0,1.0,1.0
1231,50.0,0,770.0,1,1,1,1.0,0.0,1.0,1.0
1232,46.0,0,580.0,1,1,1,0.0,1.0,0.0,1.0
1233,47.0,0,1770.0,1,1,2,1.0,0.0,1.0,1.0
1234,40.0,0,1310.0,1,1,1,1.0,0.0,1.0,1.0
1235,27.0,0,1380.0,1,1,1,1.0,0.0,1.0,1.0
1236,35.0,0,2595.0,1,1,1,1.0,1.0,1.0,1.0
1237,25.0,0,736.0,1,1,1,1.0,1.0,1.0,1.0
1238,16.0,0,390.0,1,1,1,0.0,0.0,1.0,1.0
1239,30.0,0,845.0,1,1,1,1.0,0.0,1.0,1.0
1240,47.0,0,410.0,1,1,1,1.0,0.0,1.0,1.0
1241,44.0,0,700.0,1,1,1,1.0,0.0,1.0,1.0
1242,18.0,1,1090.0,1,1,1,1.0,1.0,1.0,1.0
1243,42.0,0,920.0,1,1,1,1.0,0.0,1.0,1.0
1244,38.0,1,900.0,1,1,1,1.0,1.0,1.0,1.0
1245,38.0,0,1500.0,1,1,1,1.0,1.0,1.0,1.0
1246,46.0,1,440.0,1,1,1,1.0,0.0,1.0,1.0
1247,34.0,1,2000.0,1,1,1,1.0,0.0,1.0,1.0
1248,24.0,0,1390.0,1,1,1,0.0,0.0,1.0,1.0
1249,61.0,1,745.0,1,1,1,0.0,1.0,1.0,1.0
1250,24.0,0,1230.0,1,1,1,1.0,1.0,1.0,1.0
1251,40.0,0,640.0,1,1,1,0.0,0.0,1.0,1.0
1252,21.0,0,860.0,1,1,1,1.0,0.0,1.0,1.0
1253,22.0,0,220.0,1,1,1,1.0,1.0,1.0,1.0
1254,60.0,1,710.0,1,1,1,1.0,0.0,1.0,1.0
1255,18.0,1,620.0,1,1,1,1.0,0.0,1.0,1.0
1256,22.0,0,260.0,1,1,1,0.0,0.0,1.0,1.0
1257,67.0,0,740.0,1,1,1,1.0,0.0,1.0,1.0
1258,40.0,0,630.0,1,1,1,1.0,0.0,1.0,1.0
1259,20.0,1,960.0,1,1,1,1.0,0.0,1.0,1.0
1260,60.0,0,550.0,1,1,1,0.0,0.0,0.0,1.0
1261,23.0,1,400.0,1,1,1,0.0,0.0,0.0,1.0
1262,32.0,0,1250.0,1,1,1,1.0,0.0,0.0,1.0
1263,30.0,1,950.0,1,1,1,1.0,1.0,1.0,1.0
1264,54.0,0,460.0,1,1,1,1.0,0.0,0.0,1.0
1265,22.0,0,260.0,1,1,1,0.0,0.0,1.0,1.0
1266,56.0,0,360.0,1,1,1,1.0,0.0,1.0,1.0
1267,42.0,0,1270.0,1,1,1,1.0,1.0,1.0,1.0
1268,40.0,0,720.0,1,1,1,1.0,0.0,1.0,1.0
1269,24.0,0,1590.0,1,1,1,1.0,1.0,0.0,1.0
1270,27.0,0,770.0,1,1,1,1.0,0.0,1.0,1.0
1271,46.0,0,330.0,1,1,1,1.0,0.0,0.0,1.0
1272,41.0,0,320.0,1,1,1,0.0,0.0,1.0,1.0
1273,40.0,1,1660.0,1,1,1,1.0,0.0,1.0,1.0
1274,33.0,0,0.0,1,1,1,0.0,0.0,1.0,1.0
1275,26.0,1,760.0,1,1,1,0.0,0.0,0.0,1.0
1276,47.0,0,1280.0,1,1,1,1.0,0.0,1.0,1.0
1277,30.0,0,770.0,1,1,1,1.0,0.0,1.0,1.0
1278,27.0,0,490.0,1,0,1,1.0,0.0,1.0,1.0
1279,23.0,0,150.0,1,0,1,0.0,0.0,1.0,1.0
1280,29.0,0,1510.0,1,0,1,1.0,0.0,1.0,1.0
1281,67.0,1,150.0,1,0,1,0.0,1.0,0.0,1.0
1282,20.0,1,630.0,1,0,1,1.0,0.0,1.0,1.0
1283,42.0,0,1790.0,1,0,1,1.0,0.0,1.0,1.0
1284,45.0,1,440.0,1,0,1,0.0,0.0,0.0,1.0
1285,50.0,1,360.0,1,0,1,0.0,0.0,1.0,1.0
1286,15.0,0,1160.0,1,0,1,1.0,0.0,0.0,1.0
1287,62.0,1,450.0,1,0,1,1.0,0.0,1.0,1.0
1288,67.0,0,750.0,1,0,1,1.0,1.0,1.0,1.0
1289,26.0,0,980.0,1,0,1,1.0,0.0,1.0,1.0
1290,40.0,0,440.0,1,0,1,1.0,1.0,1.0,1.0
1291,17.0,1,230.0,1,0,1,1.0,0.0,0.0,1.0
1292,45.0,1,510.0,1,0,1,1.0,1.0,0.0,1.0
1293,15.0,1,760.0,1,0,1,1.0,0.0,0.0,1.0
1294,18.0,1,660.0,1,0,1,1.0,0.0,0.0,1.0
1295,29.0,1,500.0,1,0,1,1.0,0.0,1.0,1.0
1296,60.0,1,580.0,1,0,1,0.0,1.0,1.0,1.0
1297,18.0,1,530.0,1,0,1,1.0,0.0,0.0,1.0
1298,27.0,0,300.0,1,0,1,1.0,0.0,1.0,1.0
1299,26.0,0,810.0,1,0,1,1.0,0.0,1.0,1.0
1300,16.0,1,230.0,1,0,1,1.0,0.0,0.0,1.0
1301,50.0,1,950.0,1,0,1,1.0,1.0,1.0,1.0
1302,38.0,1,1190.0,1,0,1,1.0,0.0,1.0,1.0
1303,26.0,1,1100.0,1,0,1,1.0,0.0,1.0,1.0
1304,38.0,0,760.0,1,1,1,1.0,0.0,0.0,1.0
